[
{"created_at":"2025-07-19T23:03:30.723888Z","description":"WHITE","id":78,"license":"173 PDK","location":"AOC","make":"Unknown","model":"","serial_number":"5TFKB5GD9PX001996","sheet_name":"GRAY","tire_size":"","updated_at":"2025-07-19T23:03:30.723888Z","vehicle_number":1067,"vehicle_type":"other","year":2022},
{"created_at":"2025-07-19T23:03:30.955434Z","description":"TOYOTA COROLLA","id":79,"license":"017JBH","location":"HCSR","make":"Unknown","model":"","serial_number":"5YFBURHEXGP452376","sheet_name":"GREY","tire_size":"","updated_at":"2025-07-19T23:03:30.955434Z","vehicle_number":1191,"vehicle_type":"other","year":2016},
{"created_at":"2025-07-19T23:03:31.19638Z","description":"DODGE","id":80,"license":"E182876","location":"BUS BARN","make":"Unknown","model":"","serial_number":"2B4GH25K4RR509330","sheet_name":"GRN VAN","tire_size":"205/75R14","updated_at":"2025-07-19T23:03:31.19638Z","vehicle_number":5422,"vehicle_type":"other","year":1994},
{"created_at":"2025-07-19T23:03:31.429371Z","description":"TOYOTA HIGHLANDER - TYPE 10","id":81,"license":"SILVER","location":"WIC","make":"Unknown","model":"","serial_number":"5TDBK3EH8AS027254","sheet_name":"HIGHLANDER","tire_size":"","updated_at":"2025-07-19T23:03:31.429371Z","vehicle_number":8026,"vehicle_type":"other","year":2010},
{"created_at":"2025-07-19T23:03:31.679417Z","description":"DODGE","id":82,"license":"E207360","location":"PENDLETON","make":"Unknown","model":"","serial_number":"1B4GP44G8WB733626","sheet_name":"IRIS VAN","tire_size":"P215/65R15","updated_at":"2025-07-19T23:03:31.679417Z","vehicle_number":2262,"vehicle_type":"other","year":1998},
{"created_at":"2025-07-19T23:03:32.410509Z","description":"HYUNDAI ACCENT","id":84,"license":"605 CYP","location":"PINE TREE","make":"Unknown","model":"","serial_number":"KMT1CG35C13U256931","sheet_name":"RED","tire_size":"studs:","updated_at":"2025-07-19T23:03:32.410509Z","vehicle_number":1009,"vehicle_type":"other","year":2003},
{"created_at":"2025-07-19T23:03:32.646112Z","description":"FORD FOCUS","id":85,"license":"E228130","location":"MAIN OFFICE","make":"Unknown","model":"","serial_number":"1FAFP34364W153728","sheet_name":"SILVER","tire_size":"195/60R15","updated_at":"2025-07-19T23:03:32.646112Z","vehicle_number":2549,"vehicle_type":"other","year":2004},
{"created_at":"2025-07-19T23:03:33.146738Z","description":"DODGE","id":87,"license":"E223113","location":"HERMISTON MAIN OFFICE","make":"Unknown","model":"","serial_number":"1B4GP34372B690723","sheet_name":"SILVER VAN","tire_size":"P215/70R15","updated_at":"2025-07-19T23:03:33.146738Z","vehicle_number":6080,"vehicle_type":"other","year":2002},
{"created_at":"2025-07-19T23:03:33.386963Z","description":"TOYOTA CAMRY- TYPE-10","id":88,"license":"659 KGF","location":"NELC","make":"Unknown","model":"","serial_number":"4T1B11HK6J023841","sheet_name":"SLATE","tire_size":"","updated_at":"2025-07-19T23:03:33.386963Z","vehicle_number":7497,"vehicle_type":"other","year":2018},
{"created_at":"2025-07-19T23:03:33.861261Z","description":"FORD CONTOUR","id":90,"license":"E225603","location":"PENDLETON","make":"Unknown","model":"","serial_number":"1FAFP6631WK191490","sheet_name":"WHITE","tire_size":"P185/70R14","updated_at":"2025-07-19T23:03:33.861261Z","vehicle_number":8105,"vehicle_type":"other","year":1998},
{"created_at":"2025-07-19T23:03:34.119575Z","description":"WINDCHILL","id":91,"license":"221 NWF","location":"MAIN OFFICE","make":"Unknown","model":"","serial_number":"JTDS4MCE7N3513005","sheet_name":"WINDCHILL","tire_size":"","updated_at":"2025-07-19T23:03:34.119575Z","vehicle_number":2300,"vehicle_type":"other","year":2022},
{"created_at":"2025-06-17T08:10:23.619259Z","description":"CHEV","id":2,"license":null,"location":"HERMISTON","make":"CHEVROLET","model":"","serial_number":"2GBHG31K6M4108670","sheet_name":"Bus2","tire_size":"LT225/75R16","updated_at":"2025-06-17T08:10:23.619259Z","vehicle_number":2,"vehicle_type":"other","year":1991},
{"created_at":"2025-06-17T08:10:23.619259Z","description":"CHEVROLET","id":3,"license":null,"location":"BUS","make":"CHEVROLET","model":"","serial_number":"5B4KP42RX13335022","sheet_name":"Bus5","tire_size":"8R/19.5","updated_at":"2025-06-17T08:10:23.619259Z","vehicle_number":5,"vehicle_type":"other","year":2002},
{"created_at":"2025-06-17T08:10:23.619259Z","description":"CHEVROLET","id":7,"license":null,"location":"IRRIGON","make":"CHEVROLET","model":"","serial_number":"1GBHG31R3W1063923","sheet_name":"Bus9","tire_size":"LT225/75R16","updated_at":"2025-06-17T08:10:23.619259Z","vehicle_number":9,"vehicle_type":"other","year":1998},
{"created_at":"2025-06-17T08:10:23.619259Z","description":"FORD","id":8,"license":null,"location":"Punkin","make":"FORD","model":"","serial_number":"1FDJE37M6RHA83069","sheet_name":"Bus10","tire_size":"LT225/75R16","updated_at":"2025-06-17T08:10:23.619259Z","vehicle_number":10,"vehicle_type":"other","year":1994},
{"created_at":"2025-06-17T08:10:23.619259Z","description":"CHEV.","id":9,"license":null,"location":"UMATILLA","make":"CHEVROLET","model":".","serial_number":"1GDHG31KXR5F09423","sheet_name":"Bus11","tire_size":"LT225/75R16","updated_at":"2025-06-17T08:10:23.619259Z","vehicle_number":11,"vehicle_type":"other","year":1994},
{"created_at":"2025-06-17T08:10:23.619259Z","description":"CHEVROLET","id":10,"license":null,"location":"MILTON","make":"CHEVROLET","model":"","serial_number":"1GBHG31KXSF149584","sheet_name":"Bus12","tire_size":"LT225/75R16","updated_at":"2025-06-17T08:10:23.619259Z","vehicle_number":12,"vehicle_type":"other","year":1995},
{"created_at":"2025-06-17T08:10:23.619259Z","description":"CHEVROLET","id":11,"license":null,"location":"VICTORY","make":"CHEVROLET","model":"","serial_number":"1GBG7T1D4XJ103850","sheet_name":"Bus13","tire_size":"LT235/80R225","updated_at":"2025-06-17T08:10:23.619259Z","vehicle_number":13,"vehicle_type":"other","year":1999},
{"created_at":"2025-06-17T08:10:23.619259Z","description":"CHEVROLET","id":12,"license":null,"location":"VICTORY","make":"CHEVROLET","model":"","serial_number":"1GBE5V1E05F501526","sheet_name":"Bus14","tire_size":"225/70R19.5/12","updated_at":"2025-06-17T08:10:23.619259Z","vehicle_number":14,"vehicle_type":"other","year":2005},
{"created_at":"2025-06-17T08:10:23.619259Z","description":"CHEVEROLET","id":13,"license":"SC08159","location":"CATHT","make":"CHEVROLET","model":"EROLET","serial_number":"1GB6G5BG2F1108379","sheet_name":"BUS 15-2","tire_size":null,"updated_at":"2025-06-17T08:10:23.619259Z","vehicle_number":15,"vehicle_type":"other","year":2015},
{"created_at":"2025-06-17T08:10:23.619259Z","description":"CHEVROLET","id":14,"license":null,"location":"ROCKY","make":"CHEVROLET","model":"","serial_number":"1GBJG31K081212926","sheet_name":"Bus3","tire_size":"LT225/75R16","updated_at":"2025-06-17T08:10:23.619259Z","vehicle_number":3,"vehicle_type":"other","year":2008},
{"created_at":"2025-06-17T08:10:23.619259Z","description":"CHEVROLET","id":15,"license":null,"location":"IRRIGON","make":"CHEVROLET","model":"","serial_number":"1GBJG31K581160208","sheet_name":"Bus 16","tire_size":"225/75R","updated_at":"2025-06-17T08:10:23.619259Z","vehicle_number":16,"vehicle_type":"other","year":2008},
{"created_at":"2025-06-17T08:10:23.619259Z","description":"CHEVROLET","id":16,"license":null,"location":"HERMISTON","make":"CHEVROLET","model":"","serial_number":"1GBJG31K981212696","sheet_name":"Bus 17","tire_size":null,"updated_at":"2025-06-17T08:10:23.619259Z","vehicle_number":17,"vehicle_type":"other","year":2008},
{"created_at":"2025-06-17T08:10:23.619259Z","description":"CHEVROLET","id":17,"license":null,"location":"ECHO/STANFIELD","make":"CHEVROLET","model":"","serial_number":"1GBJG31K381212791","sheet_name":"Bus 18","tire_size":"225-75R/16","updated_at":"2025-06-17T08:10:23.619259Z","vehicle_number":18,"vehicle_type":"other","year":2008},
{"created_at":"2025-06-17T08:10:23.619259Z","description":"CHEVROLET","id":18,"license":null,"location":"UMATILLA","make":"CHEVROLET","model":"","serial_number":"1GBJG31U331226779","sheet_name":"Bus 19","tire_size":"225/75R","updated_at":"2025-06-17T08:10:23.619259Z","vehicle_number":19,"vehicle_type":"other","year":2004},
{"created_at":"2025-06-17T08:10:23.619259Z","description":"CHEVROLET-THOMAS","id":19,"license":"SC07832","location":"MILTON-FREEWATER","make":"CHEVROLET","model":"-THOMAS","serial_number":"1GB3G3BG4C1177318","sheet_name":"Bus 20","tire_size":"225/75R","updated_at":"2025-06-17T08:10:23.619259Z","vehicle_number":20,"vehicle_type":"other","year":2012},
{"created_at":"2025-06-17T08:10:23.619259Z","description":"CHEVROLET","id":20,"license":"SC07831","location":"PELC","make":"CHEVROLET","model":"","serial_number":"1GB3G3BG0C1177106","sheet_name":"Bus 21","tire_size":"225/75R","updated_at":"2025-06-17T08:10:23.619259Z","vehicle_number":21,"vehicle_type":"other","year":2012},
{"created_at":"2025-06-17T08:10:23.619259Z","description":"CHEVROLET","id":21,"license":"SC08190","location":"AOC","make":"CHEVROLET","model":"","serial_number":"1GB3G3BG1F1107330","sheet_name":"Bus 22","tire_size":"225/75R","updated_at":"2025-06-17T08:10:23.619259Z","vehicle_number":22,"vehicle_type":"other","year":2014},
{"created_at":"2025-06-17T08:10:23.619259Z","description":"CHEVROLET","id":22,"license":"SC08643","location":"JOHN","make":"CHEVROLET","model":"","serial_number":"1GB3GRBG8G1285840","sheet_name":"Bus 23","tire_size":"225/75R","updated_at":"2025-06-17T08:10:23.619259Z","vehicle_number":23,"vehicle_type":"other","year":2017},
{"created_at":"2025-06-17T08:10:23.619259Z","description":"SILVER","id":46,"license":null,"location":"HCSR","make":"TOYOTA","model":null,"serial_number":"JTMM6RFVMD014520","sheet_name":"#43 2021 TOYOTA RAV4 2","tire_size":null,"updated_at":"2025-06-17T08:10:23.619259Z","vehicle_number":43,"vehicle_type":"other","year":2021},
{"created_at":"2025-06-17T08:10:23.619259Z","description":"SILVER","id":47,"license":null,"location":"NELC","make":"TOYOTA","model":null,"serial_number":"2T3M6RFVXMW005179","sheet_name":"#44 2021 TOYOTA RAV4 ","tire_size":null,"updated_at":"2025-06-17T08:10:23.619259Z","vehicle_number":44,"vehicle_type":"other","year":2021},
{"created_at":"2025-06-17T08:10:23.619259Z","description":"TOYOTA","id":48,"license":null,"location":"MAIN","make":"TOYOTA","model":"","serial_number":"4T3MWRFV1MU021304","sheet_name":"# 45 2021 TOYOTA RAV4- WIC","tire_size":null,"updated_at":"2025-06-17T08:10:23.619259Z","vehicle_number":45,"vehicle_type":"other","year":2021},
{"created_at":"2025-06-17T08:10:23.619259Z","description":"14","id":49,"license":"270GWL","location":"MILTON","make":"DODGE","model":null,"serial_number":"2C4RD6BGER223137","sheet_name":"#46 2014 Dodge Van","tire_size":null,"updated_at":"2025-06-17T08:10:23.619259Z","vehicle_number":46,"vehicle_type":"other","year":2014},
{"created_at":"2025-06-17T08:10:23.619259Z","description":"14","id":50,"license":"269GWL","location":"MAIN","make":"DODGE","model":null,"serial_number":"2C4RDGBG5ER166235","sheet_name":"#47 2014 Dodge van","tire_size":null,"updated_at":"2025-06-17T08:10:23.619259Z","vehicle_number":47,"vehicle_type":"other","year":2014},
{"created_at":"2025-06-17T08:10:23.619259Z","description":"NISSAN","id":51,"license":null,"location":"HCSR","make":"NISSAN","model":"","serial_number":null,"sheet_name":"#48 2014 NissanVersa","tire_size":null,"updated_at":"2025-06-17T08:10:23.619259Z","vehicle_number":48,"vehicle_type":"other","year":2014},
{"created_at":"2025-06-17T08:10:23.619259Z","description":"SUBARU","id":52,"license":"754GAK","location":"MAIN","make":"SUBARU","model":"","serial_number":"4SBRBAC5D3257349","sheet_name":"#49 2013 SUBARU OUTBACK","tire_size":null,"updated_at":"2025-06-17T08:10:23.619259Z","vehicle_number":49,"vehicle_type":"other","year":2013},
{"created_at":"2025-06-17T08:10:23.619259Z","description":"TOYOTA","id":53,"license":null,"location":"PELC","make":"TOYOTA","model":"","serial_number":"JTMBK31V185060687","sheet_name":"#50 2008 Toyota RAV","tire_size":null,"updated_at":"2025-06-17T08:10:23.619259Z","vehicle_number":50,"vehicle_type":"other","year":2008},
{"created_at":"2025-06-17T08:10:23.619259Z","description":"TOYOTA","id":54,"license":null,"location":"WALLOWA","make":"TOYOTA","model":"","serial_number":"5TDZK23C295229213","sheet_name":"#51 2009 Toy Van","tire_size":null,"updated_at":"2025-06-17T08:10:23.619259Z","vehicle_number":51,"vehicle_type":"other","year":2009},
{"created_at":"2025-06-17T08:10:23.619259Z","description":"TOYOTA","id":55,"license":null,"location":"WIC","make":"TOYOTA","model":"","serial_number":"5TDBK3EH8AS027254","sheet_name":"#53 2010 ToyHighlander","tire_size":null,"updated_at":"2025-06-17T08:10:23.619259Z","vehicle_number":53,"vehicle_type":"other","year":2010},
{"created_at":"2025-06-17T08:10:23.619259Z","description":"TOYOTA","id":56,"license":null,"location":"HCSR","make":"TOYOTA","model":"","serial_number":"JTDEAMDE2MJ032271","sheet_name":"# 54 2021 COROLLA SILVER- HCSR","tire_size":null,"updated_at":"2025-06-17T08:10:23.619259Z","vehicle_number":54,"vehicle_type":"other","year":2021},
{"created_at":"2025-06-17T08:10:23.619259Z","description":"TOYOTA","id":57,"license":null,"location":"MILTON-","make":"TOYOTA","model":"","serial_number":"JTDEAMDE4MJ032837","sheet_name":"#55 2021 COROLLA SILVER","tire_size":null,"updated_at":"2025-06-17T08:10:23.619259Z","vehicle_number":55,"vehicle_type":"other","year":2021},
{"created_at":"2025-06-17T08:10:23.619259Z","description":"PEARL","id":58,"license":null,"location":"MAIN","make":"TOYOTA","model":null,"serial_number":null,"sheet_name":"#56 2021 TOYOTA PEARL COROLLA","tire_size":null,"updated_at":"2025-06-17T08:10:23.619259Z","vehicle_number":56,"vehicle_type":"other","year":2021},
{"created_at":"2025-06-17T08:10:23.619259Z","description":"TOYOTA","id":59,"license":null,"location":"MAIN","make":"TOYOTA","model":"","serial_number":"JTDEAMDE4MJ031896","sheet_name":"# 57 2021 COROLLA BLUE","tire_size":"195/65","updated_at":"2025-06-17T08:10:23.619259Z","vehicle_number":57,"vehicle_type":"other","year":2021},
{"created_at":"2025-06-17T08:10:23.619259Z","description":"TOYOTA","id":60,"license":null,"location":"MAIN","make":"TOYOTA","model":"","serial_number":"JTDEAMDE7N300761","sheet_name":"#65 2022 TOYOTA COROLLA BLUE","tire_size":null,"updated_at":"2025-06-17T08:10:23.619259Z","vehicle_number":65,"vehicle_type":"other","year":2022},
{"created_at":"2025-06-17T08:10:23.619259Z","description":"GRAY","id":61,"license":null,"location":"MAIN","make":null,"model":null,"serial_number":"4T3MWRFV4NU066058","sheet_name":"#66 GRAY 2022 RAV4 ","tire_size":null,"updated_at":"2025-06-17T08:10:23.619259Z","vehicle_number":66,"vehicle_type":"other","year":2022},
{"created_at":"2025-06-17T08:10:23.619259Z","description":"GRAY","id":62,"license":null,"location":"AOC","make":"TOYOTA","model":null,"serial_number":"5TFKB5GD6PX001910","sheet_name":"#67 GREY TOYOTA TUNDRA","tire_size":null,"updated_at":"2025-06-17T08:10:23.619259Z","vehicle_number":67,"vehicle_type":"other","year":2023},
{"created_at":"2025-06-17T08:10:23.619259Z","description":"BLACK","id":63,"license":null,"location":"HCDC","make":null,"model":null,"serial_number":"JTDEPMAE6NJ231831","sheet_name":"#68 BLACK 2022 COROLLA","tire_size":null,"updated_at":"2025-06-17T08:10:23.619259Z","vehicle_number":68,"vehicle_type":"other","year":2022},
{"created_at":"2025-07-19T23:03:27.163988Z","description":"CHEVROLET","id":71,"license":"E214974","location":"HERMISTON MAIN OFFICE","make":"Unknown","model":"","serial_number":"1GCEK1W51Z108261","sheet_name":"01 PICKUP","tire_size":"LT225/75R16","updated_at":"2025-07-19T23:03:27.163988Z","vehicle_number":1,"vehicle_type":"other","year":2001},
{"created_at":"2025-07-19T23:03:28.946982Z","description":"MOWER TRAILER","id":72,"license":"nan","location":"BUS BARN","make":"Unknown","model":"","serial_number":"nan","sheet_name":"BLACK","tire_size":"","updated_at":"2025-07-19T23:03:28.946982Z","vehicle_number":3119,"vehicle_type":"other","year":null},
{"created_at":"2025-07-19T23:03:29.183913Z","description":"BLUE","id":73,"license":"608 NVZ","location":"AWDC","make":"Unknown","model":"","serial_number":"JTDS4MCE4N3512524","sheet_name":"BLUE","tire_size":"","updated_at":"2025-07-19T23:03:29.183913Z","vehicle_number":8946,"vehicle_type":"other","year":2022},
{"created_at":"2025-07-19T23:03:29.417006Z","description":"DODGE","id":74,"license":"E197335","location":"MILTON FREEWATER","make":"Unknown","model":"","serial_number":"2B4FP25B8TR817123","sheet_name":"BLU VAN","tire_size":"195/75R-14","updated_at":"2025-07-19T23:03:29.417006Z","vehicle_number":1758,"vehicle_type":"other","year":1996},
{"created_at":"2025-07-19T23:03:29.655551Z","description":"TOYOTA CAMRY - HF","id":75,"license":"832 KKF","location":"PENDLETON","make":"Unknown","model":"","serial_number":"JTNB111HK6J3045733","sheet_name":"BROWN","tire_size":"","updated_at":"2025-07-19T23:03:29.655551Z","vehicle_number":6942,"vehicle_type":"other","year":2018},
{"created_at":"2025-07-19T23:03:30.011922Z","description":"CHARCOAL FUSION - TYPE 10","id":76,"license":"403EJM","location":"HERMISTON CDC","make":"Unknown","model":"","serial_number":"3FAHP07136R103361","sheet_name":"CHARCOAL","tire_size":"PINE TREE","updated_at":"2025-07-19T23:03:30.011922Z","vehicle_number":6013,"vehicle_type":"other","year":2006},
{"created_at":"2025-07-19T23:03:30.357036Z","description":"NEW DODGE PU 1500","id":77,"license":"776GHU","location":"BUS BARN","make":"Unknown","model":"","serial_number":"3C6JR7DG3DG568097","sheet_name":"Dodge PU","tire_size":"265/70/R17","updated_at":"2025-07-19T23:03:30.357036Z","vehicle_number":1110,"vehicle_type":"other","year":2013},
{"created_at":"2025-07-19T23:03:32.180934Z","description":"NISSAN VERSA","id":83,"license":"090JQY","location":"HCSR","make":"Unknown","model":"","serial_number":"","sheet_name":"red","tire_size":"","updated_at":"2025-07-19T23:03:32.180934Z","vehicle_number":5785,"vehicle_type":"other","year":2014},
{"created_at":"2025-07-19T23:03:32.90697Z","description":"FORD VAN","id":86,"license":"E225609","location":"HIGHLAND HOUSE","make":"Unknown","model":"","serial_number":"1FTFE24N4LHB81722","sheet_name":"SILVER BULLET","tire_size":"LT235/75R16","updated_at":"2025-07-19T23:03:32.90697Z","vehicle_number":6107,"vehicle_type":"van","year":1990},
{"created_at":"2025-07-19T23:03:33.625523Z","description":"FORD FUSION-4 DR. SEDAN","id":89,"license":"680EET","location":"WIC","make":"Unknown","model":"","serial_number":"3FAHP07Z29R200996","sheet_name":"white","tire_size":"studs:","updated_at":"2025-07-19T23:03:33.625523Z","vehicle_number":8865,"vehicle_type":"car","year":2009},
{"created_at":"2025-06-17T08:10:23.619259Z","description":"DODGE","id":29,"license":null,"location":"BUS","make":"DODGE","model":"","serial_number":"2B4GH25K4RR509330","sheet_name":"#4 1994 Dodge van","tire_size":"205/75R14","updated_at":"2025-06-17T08:10:23.619259Z","vehicle_number":4,"vehicle_type":"other","year":1994},
{"created_at":"2025-06-17T08:10:23.619259Z","description":"TOYOTA","id":30,"license":"928FMH","location":"MAIN","make":"TOYOTA","model":"","serial_number":null,"sheet_name":"#27 11 Toyota Corolla","tire_size":null,"updated_at":"2025-06-17T08:10:23.619259Z","vehicle_number":27,"vehicle_type":"other","year":2011},
{"created_at":"2025-06-17T08:10:23.619259Z","description":"TOYOTA","id":31,"license":"578GFV","location":"JOHN","make":"TOYOTA","model":"","serial_number":"JTMBFREV1DD008199","sheet_name":"#28 13ToyotaRAV","tire_size":null,"updated_at":"2025-06-17T08:10:23.619259Z","vehicle_number":28,"vehicle_type":"other","year":2013},
{"created_at":"2025-06-17T08:10:23.619259Z","description":"TOYOTA","id":32,"license":"231EGK","location":"CONDON","make":"TOYOTA","model":"","serial_number":"5TDZK3DC9DS323800","sheet_name":"#29 2013Toyota Sienna","tire_size":null,"updated_at":"2025-06-17T08:10:23.619259Z","vehicle_number":29,"vehicle_type":"other","year":2013},
{"created_at":"2025-06-17T08:10:23.619259Z","description":"TOYOTA","id":33,"license":null,"location":"VICTORY","make":"TOYOTA","model":"","serial_number":"2T1BURHE7GC575925","sheet_name":"#30 2016 Toyota Corrolla","tire_size":null,"updated_at":"2025-06-17T08:10:23.619259Z","vehicle_number":30,"vehicle_type":"other","year":2016},
{"created_at":"2025-06-17T08:10:23.619259Z","description":"TOYOTA","id":34,"license":null,"location":"HCSR","make":"TOYOTA","model":"","serial_number":"5YFBURHEXGP452376","sheet_name":"#31 2016 ToyotaCorrolla","tire_size":null,"updated_at":"2025-06-17T08:10:23.619259Z","vehicle_number":31,"vehicle_type":"other","year":2016},
{"created_at":"2025-06-17T08:10:23.619259Z","description":"TOYOTA","id":35,"license":null,"location":"CONDON","make":"TOYOTA","model":"","serial_number":"JTMBFREV86D178404","sheet_name":"#32 2016 Toy RAV4","tire_size":null,"updated_at":"2025-06-17T08:10:23.619259Z","vehicle_number":32,"vehicle_type":"other","year":2016},
{"created_at":"2025-06-17T08:10:23.619259Z","description":"TOYOTA","id":36,"license":null,"location":"NELC","make":"TOYOTA","model":"","serial_number":"4T1B11HK6J023841","sheet_name":"#33 2018 Toyota Camry- NELC","tire_size":null,"updated_at":"2025-06-17T08:10:23.619259Z","vehicle_number":33,"vehicle_type":"other","year":2018},
{"created_at":"2025-06-17T08:10:23.619259Z","description":"TOYOTA","id":37,"license":null,"location":"PENDLETON","make":"TOYOTA","model":"","serial_number":"JTNB111HK6J3045733","sheet_name":"#34 18 ToyotaCamry- PELC","tire_size":null,"updated_at":"2025-06-17T08:10:23.619259Z","vehicle_number":34,"vehicle_type":"other","year":2018},
{"created_at":"2025-06-17T08:10:23.619259Z","description":"TOYOTA","id":38,"license":null,"location":"LA","make":"TOYOTA","model":"","serial_number":"4T1B11HK7JU553185","sheet_name":"#35 2018ToyotaCamry- LA GRANDE","tire_size":null,"updated_at":"2025-06-17T08:10:23.619259Z","vehicle_number":35,"vehicle_type":"other","year":2018},
{"created_at":"2025-06-17T08:10:23.619259Z","description":"TOYOTA","id":39,"license":null,"location":"ENTERPRISE","make":"TOYOTA","model":"","serial_number":"JTMRJREVXJD162354","sheet_name":"#36 18ToyotaRAV4","tire_size":null,"updated_at":"2025-06-17T08:10:23.619259Z","vehicle_number":36,"vehicle_type":"other","year":2018},
{"created_at":"2025-06-17T08:10:23.619259Z","description":"2020","id":40,"license":null,"location":"HCSR","make":"TOYOTA","model":null,"serial_number":"5TDZ3DC3LS235099","sheet_name":"#37 2020 TOYOTA SEINNA","tire_size":null,"updated_at":"2025-06-17T08:10:23.619259Z","vehicle_number":37,"vehicle_type":"other","year":2020},
{"created_at":"2025-06-17T08:10:23.619259Z","description":"DODGE","id":41,"license":"996HGL","location":"BUS","make":"DODGE","model":"","serial_number":"SPRINTER","sheet_name":"#38 2006 DODGE SPRINTER VAN","tire_size":null,"updated_at":"2025-06-17T08:10:23.619259Z","vehicle_number":38,"vehicle_type":"other","year":2006},
{"created_at":"2025-06-17T08:10:23.619259Z","description":"TOYOTA","id":42,"license":null,"location":"BAKER","make":"TOYOTA","model":"","serial_number":"2T3DF4DV4AW065508","sheet_name":"#39 10 TOYOTA RAV4","tire_size":null,"updated_at":"2025-06-17T08:10:23.619259Z","vehicle_number":39,"vehicle_type":"other","year":2010},
{"created_at":"2025-06-17T08:10:23.619259Z","description":"HONDA","id":43,"license":null,"location":"HCSR","make":"HONDA","model":"","serial_number":"5FNYF4H21EB030213","sheet_name":"#40 - 2014 Honda Pilot","tire_size":null,"updated_at":"2025-06-17T08:10:23.619259Z","vehicle_number":40,"vehicle_type":"other","year":2014},
{"created_at":"2025-06-17T08:10:23.619259Z","description":"SILVER","id":44,"license":null,"location":"PELC","make":"TOYOTA","model":null,"serial_number":"4T3M6RFVXMLI011743","sheet_name":"# 41 2021 TOYOTA RAV4 ","tire_size":null,"updated_at":"2025-06-17T08:10:23.619259Z","vehicle_number":41,"vehicle_type":"other","year":2020},
{"created_at":"2025-06-17T08:10:23.619259Z","description":"SILVER","id":45,"license":null,"location":"HCSR","make":"TOYOTA","model":null,"serial_number":"JTMM6RFV7MD014936","sheet_name":"# 42 2021 TOYOTA RAV4 ","tire_size":null,"updated_at":"2025-06-17T08:10:23.619259Z","vehicle_number":42,"vehicle_type":"other","year":2021},
{"created_at":"2025-06-17T08:10:23.619259Z","description":"WHITE","id":64,"license":null,"location":"AOC","make":"DODGE","model":null,"serial_number":"3C63R3GL7NG356508","sheet_name":"#69 WHITE 2022 DODGE 1 TON","tire_size":null,"updated_at":"2025-06-17T08:10:23.619259Z","vehicle_number":69,"vehicle_type":"other","year":2022},
{"created_at":"2025-06-17T08:10:23.619259Z","description":"SILVER","id":65,"license":null,"location":"MAIN","make":null,"model":null,"serial_number":"JTDEPMAE1N3023425","sheet_name":"#70 SIVER 2022 COROLLA","tire_size":null,"updated_at":"2025-06-17T08:10:23.619259Z","vehicle_number":70,"vehicle_type":"other","year":2022},
{"created_at":"2025-06-17T08:10:23.619259Z","description":"WHITE","id":66,"license":null,"location":"JOHN","make":null,"model":null,"serial_number":"4T3RWRFV8NU066862","sheet_name":"#71 WHITE 2022 RAV4","tire_size":null,"updated_at":"2025-06-17T08:10:23.619259Z","vehicle_number":71,"vehicle_type":"other","year":2022},
{"created_at":"2025-06-17T08:10:23.619259Z","description":"BLUE","id":67,"license":null,"location":"AWDC","make":null,"model":null,"serial_number":"JTDS4MCE4N3512524","sheet_name":"#72 BLUE 2022 COROLLA","tire_size":null,"updated_at":"2025-06-17T08:10:23.619259Z","vehicle_number":72,"vehicle_type":"other","year":2022},
{"created_at":"2025-06-17T08:10:23.619259Z","description":"WHITE","id":68,"license":null,"location":"MAIN","make":null,"model":null,"serial_number":"5TDKSKFC8NS066834","sheet_name":"#73 2022 WHITE SIENNA","tire_size":null,"updated_at":"2025-06-17T08:10:23.619259Z","vehicle_number":73,"vehicle_type":"other","year":2022},
{"created_at":"2025-06-17T08:10:23.619259Z","description":"WINDCHILL","id":69,"license":null,"location":"MAIN","make":null,"model":null,"serial_number":"JTDS4MCE7N3513005","sheet_name":"#74 WHITE 2022 COROLLA","tire_size":null,"updated_at":"2025-06-17T08:10:23.619259Z","vehicle_number":74,"vehicle_type":"other","year":2022},
{"created_at":"2025-06-17T08:10:23.619259Z","description":"WHITE","id":70,"license":null,"location":"AOC","make":null,"model":null,"serial_number":"5TFKB5GD9PX001996","sheet_name":"#75 2023 WHITE TUNDRA","tire_size":null,"updated_at":"2025-06-17T08:10:23.619259Z","vehicle_number":75,"vehicle_type":"other","year":2022},
{"created_at":"2025-06-17T08:10:23.619259Z","description":"CHEVEROLET-STARCRAFT","id":1,"license":"SC","location":"UMATILLA","make":"CHEVROLET","model":"EROLET-STARCRAFT","serial_number":"IHA3GRBG9HN004713","sheet_name":"Bus 25","tire_size":null,"updated_at":"2025-06-17T08:10:23.619259Z","vehicle_number":25,"vehicle_type":"bus","year":2017},
{"created_at":"2025-06-17T08:10:23.619259Z","description":"CHEVROLET","id":4,"license":null,"location":"PENDLETON","make":"CHEVROLET","model":"","serial_number":"2GBHG31J6L4131890","sheet_name":"Bus6","tire_size":"LT225/75R16","updated_at":"2025-06-17T08:10:23.619259Z","vehicle_number":6,"vehicle_type":"bus","year":1990},
{"created_at":"2025-06-17T08:10:23.619259Z","description":"CHEVROLET","id":5,"license":null,"location":"JOHN","make":"CHEVROLET","model":"","serial_number":"2GBHG31KOM4115386","sheet_name":"Bus7","tire_size":"LT225/75R16","updated_at":"2025-06-17T08:10:23.619259Z","vehicle_number":7,"vehicle_type":"bus","year":1991},
{"created_at":"2025-06-17T08:10:23.619259Z","description":"CHEVROLET","id":6,"license":null,"location":"HERMISTON","make":"CHEVROLET","model":"","serial_number":"2GBHG31K6M4109930","sheet_name":"Bus8","tire_size":"LT225/75R16","updated_at":"2025-06-17T08:10:23.619259Z","vehicle_number":8,"vehicle_type":"bus","year":1991},
{"created_at":"2025-06-17T08:10:23.619259Z","description":"CHEVEROLET-STARCRAFT","id":23,"license":"SC","location":"BOARDMAN","make":"CHEVROLET","model":"EROLET-STARCRAFT","serial_number":"IHA3GRBGIHN004737","sheet_name":"Bus 24","tire_size":null,"updated_at":"2025-06-17T08:10:23.619259Z","vehicle_number":24,"vehicle_type":"bus","year":2017},
{"created_at":"2025-06-17T08:10:23.619259Z","description":"CHEVEROLET-STARCRAFT","id":24,"license":"TIRE","location":"JOHN","make":"CHEVROLET","model":"EROLET-STARCRAFT","serial_number":"IHA6GUBG7LN007599","sheet_name":"Bus 26","tire_size":null,"updated_at":"2025-06-17T08:10:23.619259Z","vehicle_number":26,"vehicle_type":"bus","year":2020},
{"created_at":"2025-06-17T08:10:23.619259Z","description":"CHEVEROLET-STARCRAFT","id":25,"license":"TIRE","location":"UMATILLA","make":"CHEVROLET","model":"EROLET-STARCRAFT","serial_number":"IHA6GUBG7LN007599","sheet_name":"BUS 52","tire_size":null,"updated_at":"2025-06-17T08:10:23.619259Z","vehicle_number":52,"vehicle_type":"bus","year":2020},
{"created_at":"2025-06-17T08:10:23.619259Z","description":"CHEVEROLET-STARCRAFT","id":26,"license":"TIRE","location":"UMATILLA","make":"CHEVROLET","model":"EROLET-STARCRAFT","serial_number":"IHA6GUB73LNN008395","sheet_name":"BUS 58","tire_size":null,"updated_at":"2025-06-17T08:10:23.619259Z","vehicle_number":58,"vehicle_type":"bus","year":2022},
{"created_at":"2025-06-17T08:10:23.619259Z","description":"CHEVEROLET-STARCRAFT","id":27,"license":"TIRE","location":"BOARDMAN","make":"CHEVROLET","model":"EROLET-STARCRAFT","serial_number":"IHA6GUB77NN009226","sheet_name":"BUS 59","tire_size":null,"updated_at":"2025-06-17T08:10:23.619259Z","vehicle_number":59,"vehicle_type":"bus","year":2022},
{"created_at":"2025-06-17T08:10:23.619259Z","description":"CHEVEROLET-STARCRAFT","id":28,"license":"TIRE","location":"AIRPORT","make":"CHEVROLET","model":"EROLET-STARCRAFT","serial_number":"IHA6GUB72NN009134","sheet_name":"BUS 60","tire_size":null,"updated_at":"2025-06-17T08:10:23.619259Z","vehicle_number":60,"vehicle_type":"bus","year":2022}
]