[
{"cost":"MTcxLjMx","created_at":"2025-07-23T00:42:02.289939Z","date":"2025-07-22T00:00:00Z","driver":null,"gallons":"NDMuMDA=","id":1,"location":"Fleet Fuel Station","notes":null,"odometer":56009,"price_per_gallon":"My45OA==","vehicle_id":"7"},
{"cost":"MTA3LjQ3","created_at":"2025-07-23T00:42:02.426903Z","date":"2025-07-18T00:00:00Z","driver":null,"gallons":"MjcuMDA=","id":2,"location":"Chevron Station","notes":null,"odometer":55236,"price_per_gallon":"My45OA==","vehicle_id":"7"},
{"cost":"OTMuOTE=","created_at":"2025-07-23T00:42:02.554857Z","date":"2025-07-15T00:00:00Z","driver":null,"gallons":"MjYuMDA=","id":3,"location":"Shell Station","notes":null,"odometer":54698,"price_per_gallon":"My42MQ==","vehicle_id":"7"},
{"cost":"MTYwLjkz","created_at":"2025-07-23T00:42:02.675358Z","date":"2025-07-11T00:00:00Z","driver":null,"gallons":"NDQuMDA=","id":4,"location":"BP Station","notes":null,"odometer":53895,"price_per_gallon":"My42Ng==","vehicle_id":"7"},
{"cost":"MTY1LjAx","created_at":"2025-07-23T00:42:02.805134Z","date":"2025-07-07T00:00:00Z","driver":null,"gallons":"NDMuMDA=","id":5,"location":"Shell Station","notes":null,"odometer":53027,"price_per_gallon":"My44NA==","vehicle_id":"7"},
{"cost":"MTE3Ljk0","created_at":"2025-07-23T00:42:02.929895Z","date":"2025-07-04T00:00:00Z","driver":null,"gallons":"MzAuMDA=","id":6,"location":"Fleet Fuel Station","notes":null,"odometer":52405,"price_per_gallon":"My45Mw==","vehicle_id":"7"},
{"cost":"MTQzLjg4","created_at":"2025-07-23T00:42:03.074476Z","date":"2025-07-01T00:00:00Z","driver":null,"gallons":"MzcuMDA=","id":7,"location":"Fleet Fuel Station","notes":null,"odometer":51834,"price_per_gallon":"My44OQ==","vehicle_id":"7"},
{"cost":"ODQuMzE=","created_at":"2025-07-23T00:42:03.196156Z","date":"2025-06-27T00:00:00Z","driver":null,"gallons":"MjUuMDA=","id":8,"location":"BP Station","notes":null,"odometer":51011,"price_per_gallon":"My4zNw==","vehicle_id":"7"},
{"cost":"MTYzLjI1","created_at":"2025-07-23T00:42:03.323986Z","date":"2025-06-24T00:00:00Z","driver":null,"gallons":"NDguMDA=","id":9,"location":"Shell Station","notes":null,"odometer":50449,"price_per_gallon":"My40MA==","vehicle_id":"7"},
{"cost":"MTg4LjYx","created_at":"2025-07-23T00:42:03.460679Z","date":"2025-07-22T00:00:00Z","driver":null,"gallons":"NDguMDA=","id":10,"location":"BP Station","notes":null,"odometer":56039,"price_per_gallon":"My45Mw==","vehicle_id":"8"},
{"cost":"OTEuNjg=","created_at":"2025-07-23T00:42:03.599522Z","date":"2025-07-19T00:00:00Z","driver":null,"gallons":"MjcuMDA=","id":11,"location":"Shell Station","notes":null,"odometer":55438,"price_per_gallon":"My40MA==","vehicle_id":"8"},
{"cost":"NzkuMDA=","created_at":"2025-07-23T00:42:03.731021Z","date":"2025-07-15T00:00:00Z","driver":null,"gallons":"MjIuMDA=","id":12,"location":"Chevron Station","notes":null,"odometer":54675,"price_per_gallon":"My41OQ==","vehicle_id":"8"},
{"cost":"ODQuMDg=","created_at":"2025-07-23T00:42:03.855628Z","date":"2025-07-11T00:00:00Z","driver":null,"gallons":"MjUuMDA=","id":13,"location":"BP Station","notes":null,"odometer":53814,"price_per_gallon":"My4zNg==","vehicle_id":"8"},
{"cost":"MTA5LjU3","created_at":"2025-07-23T00:42:03.983879Z","date":"2025-07-08T00:00:00Z","driver":null,"gallons":"MjguMDA=","id":14,"location":"Chevron Station","notes":null,"odometer":53297,"price_per_gallon":"My45MQ==","vehicle_id":"8"},
{"cost":"MTYxLjYx","created_at":"2025-07-23T00:42:04.118929Z","date":"2025-07-05T00:00:00Z","driver":null,"gallons":"NDguMDA=","id":15,"location":"BP Station","notes":null,"odometer":52649,"price_per_gallon":"My4zNw==","vehicle_id":"8"},
{"cost":"MTM4LjYz","created_at":"2025-07-23T00:42:04.287797Z","date":"2025-07-01T00:00:00Z","driver":null,"gallons":"NDYuMDA=","id":16,"location":"Chevron Station","notes":null,"odometer":51856,"price_per_gallon":"My4wMQ==","vehicle_id":"8"},
{"cost":"MTEwLjU3","created_at":"2025-07-23T00:42:04.424935Z","date":"2025-06-28T00:00:00Z","driver":null,"gallons":"MzIuMDA=","id":17,"location":"Shell Station","notes":null,"odometer":51254,"price_per_gallon":"My40Ng==","vehicle_id":"8"},
{"cost":"ODguODc=","created_at":"2025-07-23T00:42:04.568858Z","date":"2025-06-24T00:00:00Z","driver":null,"gallons":"MjUuMDA=","id":18,"location":"Fleet Fuel Station","notes":null,"odometer":50466,"price_per_gallon":"My41NQ==","vehicle_id":"8"},
{"cost":"MTc2LjMy","created_at":"2025-07-23T00:42:04.753352Z","date":"2025-07-22T00:00:00Z","driver":null,"gallons":"NDYuMDA=","id":19,"location":"Chevron Station","notes":null,"odometer":56094,"price_per_gallon":"My44Mw==","vehicle_id":"52"},
{"cost":"MTM2LjY0","created_at":"2025-07-23T00:42:04.883256Z","date":"2025-07-18T00:00:00Z","driver":null,"gallons":"NDQuMDA=","id":20,"location":"Fleet Fuel Station","notes":null,"odometer":55243,"price_per_gallon":"My4xMQ==","vehicle_id":"52"},
{"cost":"MTAxLjU2","created_at":"2025-07-23T00:42:05.006409Z","date":"2025-07-15T00:00:00Z","driver":null,"gallons":"MzMuMDA=","id":21,"location":"Fleet Fuel Station","notes":null,"odometer":54613,"price_per_gallon":"My4wOA==","vehicle_id":"52"},
{"cost":"OTguMTk=","created_at":"2025-07-23T00:42:05.134021Z","date":"2025-07-12T00:00:00Z","driver":null,"gallons":"MjUuMDA=","id":22,"location":"Chevron Station","notes":null,"odometer":54024,"price_per_gallon":"My45Mw==","vehicle_id":"52"},
{"cost":"MTM0Ljg1","created_at":"2025-07-23T00:42:05.365289Z","date":"2025-07-09T00:00:00Z","driver":null,"gallons":"MzQuMDA=","id":23,"location":"BP Station","notes":null,"odometer":53488,"price_per_gallon":"My45Nw==","vehicle_id":"52"},
{"cost":"MTI3LjE1","created_at":"2025-07-23T00:42:05.488589Z","date":"2025-07-05T00:00:00Z","driver":null,"gallons":"MzMuMDA=","id":24,"location":"Shell Station","notes":null,"odometer":52676,"price_per_gallon":"My44NQ==","vehicle_id":"52"},
{"cost":"ODYuMTY=","created_at":"2025-07-23T00:42:05.607834Z","date":"2025-07-01T00:00:00Z","driver":null,"gallons":"MjcuMDA=","id":25,"location":"Fleet Fuel Station","notes":null,"odometer":51885,"price_per_gallon":"My4xOQ==","vehicle_id":"52"},
{"cost":"MTMyLjI0","created_at":"2025-07-23T00:42:05.739262Z","date":"2025-06-27T00:00:00Z","driver":null,"gallons":"NDQuMDA=","id":26,"location":"BP Station","notes":null,"odometer":51030,"price_per_gallon":"My4wMQ==","vehicle_id":"52"},
{"cost":"MTExLjk4","created_at":"2025-07-23T00:42:05.859352Z","date":"2025-06-24T00:00:00Z","driver":null,"gallons":"MzQuMDA=","id":27,"location":"BP Station","notes":null,"odometer":50425,"price_per_gallon":"My4yOQ==","vehicle_id":"52"},
{"cost":"OTMuMDc=","created_at":"2025-07-23T00:42:06.007604Z","date":"2025-07-22T00:00:00Z","driver":null,"gallons":"MjYuMDA=","id":28,"location":"Chevron Station","notes":null,"odometer":56076,"price_per_gallon":"My41OA==","vehicle_id":"BUS-011"},
{"cost":"ODQuODM=","created_at":"2025-07-23T00:42:06.127442Z","date":"2025-07-19T00:00:00Z","driver":null,"gallons":"MjYuMDA=","id":29,"location":"BP Station","notes":null,"odometer":55478,"price_per_gallon":"My4yNg==","vehicle_id":"BUS-011"},
{"cost":"ODYuNTc=","created_at":"2025-07-23T00:42:06.246605Z","date":"2025-07-15T00:00:00Z","driver":null,"gallons":"MjguMDA=","id":30,"location":"Chevron Station","notes":null,"odometer":54670,"price_per_gallon":"My4wOQ==","vehicle_id":"BUS-011"},
{"cost":"OTcuNjY=","created_at":"2025-07-23T00:42:06.375572Z","date":"2025-07-12T00:00:00Z","driver":null,"gallons":"MzIuMDA=","id":31,"location":"Shell Station","notes":null,"odometer":54020,"price_per_gallon":"My4wNQ==","vehicle_id":"BUS-011"},
{"cost":"MTQ2Ljgx","created_at":"2025-07-23T00:42:06.508861Z","date":"2025-07-08T00:00:00Z","driver":null,"gallons":"NDguMDA=","id":32,"location":"Shell Station","notes":null,"odometer":53238,"price_per_gallon":"My4wNg==","vehicle_id":"BUS-011"},
{"cost":"MTc0LjQy","created_at":"2025-07-23T00:42:06.656974Z","date":"2025-07-04T00:00:00Z","driver":null,"gallons":"NDUuMDA=","id":33,"location":"Shell Station","notes":null,"odometer":52430,"price_per_gallon":"My44OA==","vehicle_id":"BUS-011"},
{"cost":"MTEwLjI0","created_at":"2025-07-23T00:42:06.781326Z","date":"2025-06-30T00:00:00Z","driver":null,"gallons":"MzUuMDA=","id":34,"location":"Fleet Fuel Station","notes":null,"odometer":51635,"price_per_gallon":"My4xNQ==","vehicle_id":"BUS-011"},
{"cost":"MTEzLjg4","created_at":"2025-07-23T00:42:06.906924Z","date":"2025-06-27T00:00:00Z","driver":null,"gallons":"MzYuMDA=","id":35,"location":"BP Station","notes":null,"odometer":51079,"price_per_gallon":"My4xNg==","vehicle_id":"BUS-011"},
{"cost":"MTY2LjQx","created_at":"2025-07-23T00:42:07.031794Z","date":"2025-06-24T00:00:00Z","driver":null,"gallons":"NDMuMDA=","id":36,"location":"Shell Station","notes":null,"odometer":50494,"price_per_gallon":"My44Nw==","vehicle_id":"BUS-011"},
{"cost":"ODcuNTM=","created_at":"2025-07-23T00:42:07.150867Z","date":"2025-07-22T00:00:00Z","driver":null,"gallons":"MjcuMDA=","id":37,"location":"Chevron Station","notes":null,"odometer":56015,"price_per_gallon":"My4yNA==","vehicle_id":"BUS-013"},
{"cost":"MTE1LjEy","created_at":"2025-07-23T00:42:07.278836Z","date":"2025-07-19T00:00:00Z","driver":null,"gallons":"MzAuMDA=","id":38,"location":"BP Station","notes":null,"odometer":55418,"price_per_gallon":"My44NA==","vehicle_id":"BUS-013"},
{"cost":"MTY0LjUw","created_at":"2025-07-23T00:42:07.697201Z","date":"2025-07-15T00:00:00Z","driver":null,"gallons":"NDUuMDA=","id":39,"location":"Fleet Fuel Station","notes":null,"odometer":54629,"price_per_gallon":"My42Ng==","vehicle_id":"BUS-013"},
{"cost":"MTQxLjMw","created_at":"2025-07-23T00:42:07.818433Z","date":"2025-07-11T00:00:00Z","driver":null,"gallons":"MzcuMDA=","id":40,"location":"Chevron Station","notes":null,"odometer":53897,"price_per_gallon":"My44Mg==","vehicle_id":"BUS-013"},
{"cost":"MTY4LjY3","created_at":"2025-07-23T00:42:07.936433Z","date":"2025-07-08T00:00:00Z","driver":null,"gallons":"NDYuMDA=","id":41,"location":"Chevron Station","notes":null,"odometer":53200,"price_per_gallon":"My42Nw==","vehicle_id":"BUS-013"},
{"cost":"MTMwLjIx","created_at":"2025-07-23T00:42:08.052892Z","date":"2025-07-04T00:00:00Z","driver":null,"gallons":"MzQuMDA=","id":42,"location":"Shell Station","notes":null,"odometer":52440,"price_per_gallon":"My44Mw==","vehicle_id":"BUS-013"},
{"cost":"MTE3LjY5","created_at":"2025-07-23T00:42:08.170903Z","date":"2025-06-30T00:00:00Z","driver":null,"gallons":"MzcuMDA=","id":43,"location":"Shell Station","notes":null,"odometer":51659,"price_per_gallon":"My4xOA==","vehicle_id":"BUS-013"},
{"cost":"ODYuOTc=","created_at":"2025-07-23T00:42:08.302556Z","date":"2025-06-26T00:00:00Z","driver":null,"gallons":"MjUuMDA=","id":44,"location":"Shell Station","notes":null,"odometer":50840,"price_per_gallon":"My40OA==","vehicle_id":"BUS-013"},
{"cost":"OTQuMDk=","created_at":"2025-07-23T00:42:08.438227Z","date":"2025-07-22T00:00:00Z","driver":null,"gallons":"MjguMDA=","id":45,"location":"Chevron Station","notes":null,"odometer":56087,"price_per_gallon":"My4zNg==","vehicle_id":"BUS-014"},
{"cost":"ODUuODg=","created_at":"2025-07-23T00:42:08.559619Z","date":"2025-07-18T00:00:00Z","driver":null,"gallons":"MjcuMDA=","id":46,"location":"Chevron Station","notes":null,"odometer":55280,"price_per_gallon":"My4xOA==","vehicle_id":"BUS-014"},
{"cost":"MTAzLjA1","created_at":"2025-07-23T00:42:08.710262Z","date":"2025-07-14T00:00:00Z","driver":null,"gallons":"MjYuMDA=","id":47,"location":"Chevron Station","notes":null,"odometer":54494,"price_per_gallon":"My45Ng==","vehicle_id":"BUS-014"},
{"cost":"MTM2LjA2","created_at":"2025-07-23T00:42:08.835337Z","date":"2025-07-11T00:00:00Z","driver":null,"gallons":"NDIuMDA=","id":48,"location":"Shell Station","notes":null,"odometer":53807,"price_per_gallon":"My4yNA==","vehicle_id":"BUS-014"},
{"cost":"MTQwLjkz","created_at":"2025-07-23T00:42:08.959826Z","date":"2025-07-07T00:00:00Z","driver":null,"gallons":"NDIuMDA=","id":49,"location":"Fleet Fuel Station","notes":null,"odometer":53038,"price_per_gallon":"My4zNg==","vehicle_id":"BUS-014"},
{"cost":"OTIuNTg=","created_at":"2025-07-23T00:42:09.094812Z","date":"2025-07-04T00:00:00Z","driver":null,"gallons":"MzAuMDA=","id":50,"location":"Fleet Fuel Station","notes":null,"odometer":52463,"price_per_gallon":"My4wOQ==","vehicle_id":"BUS-014"},
{"cost":"MTI0Ljk4","created_at":"2025-07-23T00:42:09.345127Z","date":"2025-06-30T00:00:00Z","driver":null,"gallons":"NDEuMDA=","id":51,"location":"Chevron Station","notes":null,"odometer":51684,"price_per_gallon":"My4wNQ==","vehicle_id":"BUS-014"},
{"cost":"NzUuODg=","created_at":"2025-07-23T00:42:09.474836Z","date":"2025-06-27T00:00:00Z","driver":null,"gallons":"MjIuMDA=","id":52,"location":"Chevron Station","notes":null,"odometer":51065,"price_per_gallon":"My40NQ==","vehicle_id":"BUS-014"},
{"cost":"MTI2Ljg0","created_at":"2025-07-23T00:42:09.595219Z","date":"2025-06-24T00:00:00Z","driver":null,"gallons":"NDEuMDA=","id":53,"location":"Shell Station","notes":null,"odometer":50485,"price_per_gallon":"My4wOQ==","vehicle_id":"BUS-014"},
{"cost":"MTA2Ljg4","created_at":"2025-07-23T00:42:09.728402Z","date":"2025-07-22T00:00:00Z","driver":null,"gallons":"MjkuMDA=","id":54,"location":"Shell Station","notes":null,"odometer":56087,"price_per_gallon":"My42OQ==","vehicle_id":"BUS-015"},
{"cost":"MTA1LjUz","created_at":"2025-07-23T00:42:09.854771Z","date":"2025-07-19T00:00:00Z","driver":null,"gallons":"MjcuMDA=","id":55,"location":"Shell Station","notes":null,"odometer":55429,"price_per_gallon":"My45MQ==","vehicle_id":"BUS-015"},
{"cost":"NzcuNzM=","created_at":"2025-07-23T00:42:09.976447Z","date":"2025-07-16T00:00:00Z","driver":null,"gallons":"MjAuMDA=","id":56,"location":"Fleet Fuel Station","notes":null,"odometer":54896,"price_per_gallon":"My44OQ==","vehicle_id":"BUS-015"},
{"cost":"MTE0LjY5","created_at":"2025-07-23T00:42:10.117294Z","date":"2025-07-12T00:00:00Z","driver":null,"gallons":"MzguMDA=","id":57,"location":"Shell Station","notes":null,"odometer":54005,"price_per_gallon":"My4wMg==","vehicle_id":"BUS-015"},
{"cost":"MTIzLjA1","created_at":"2025-07-23T00:42:10.236882Z","date":"2025-07-09T00:00:00Z","driver":null,"gallons":"MzYuMDA=","id":58,"location":"Fleet Fuel Station","notes":null,"odometer":53493,"price_per_gallon":"My40Mg==","vehicle_id":"BUS-015"},
{"cost":"MTI2Ljgz","created_at":"2025-07-23T00:42:10.368713Z","date":"2025-07-05T00:00:00Z","driver":null,"gallons":"MzguMDA=","id":59,"location":"BP Station","notes":null,"odometer":52659,"price_per_gallon":"My4zNA==","vehicle_id":"BUS-015"},
{"cost":"MTI0LjA5","created_at":"2025-07-23T00:42:10.501416Z","date":"2025-07-02T00:00:00Z","driver":null,"gallons":"NDEuMDA=","id":60,"location":"BP Station","notes":null,"odometer":52056,"price_per_gallon":"My4wMw==","vehicle_id":"BUS-015"},
{"cost":"MTM5LjA0","created_at":"2025-07-23T00:42:10.657573Z","date":"2025-06-28T00:00:00Z","driver":null,"gallons":"MzUuMDA=","id":61,"location":"Fleet Fuel Station","notes":null,"odometer":51289,"price_per_gallon":"My45Nw==","vehicle_id":"BUS-015"},
{"cost":"MTA4LjU1","created_at":"2025-07-23T00:42:10.7755Z","date":"2025-06-25T00:00:00Z","driver":null,"gallons":"MzMuMDA=","id":62,"location":"BP Station","notes":null,"odometer":50694,"price_per_gallon":"My4yOQ==","vehicle_id":"BUS-015"},
{"cost":"OTMuMTY=","created_at":"2025-07-23T00:42:10.893336Z","date":"2025-07-22T00:00:00Z","driver":null,"gallons":"MjUuMDA=","id":63,"location":"Shell Station","notes":null,"odometer":56058,"price_per_gallon":"My43Mw==","vehicle_id":"BUS-016"},
{"cost":"MTA5Ljc4","created_at":"2025-07-23T00:42:11.009695Z","date":"2025-07-18T00:00:00Z","driver":null,"gallons":"MzAuMDA=","id":64,"location":"Shell Station","notes":null,"odometer":55280,"price_per_gallon":"My42Ng==","vehicle_id":"BUS-016"},
{"cost":"MTcyLjgw","created_at":"2025-07-23T00:42:11.129678Z","date":"2025-07-14T00:00:00Z","driver":null,"gallons":"NDQuMDA=","id":65,"location":"BP Station","notes":null,"odometer":54460,"price_per_gallon":"My45Mw==","vehicle_id":"BUS-016"},
{"cost":"MTIwLjg4","created_at":"2025-07-23T00:42:11.251757Z","date":"2025-07-10T00:00:00Z","driver":null,"gallons":"MzQuMDA=","id":66,"location":"Fleet Fuel Station","notes":null,"odometer":53608,"price_per_gallon":"My41Ng==","vehicle_id":"BUS-016"},
{"cost":"MTAxLjM4","created_at":"2025-07-23T00:42:11.372436Z","date":"2025-07-07T00:00:00Z","driver":null,"gallons":"MzMuMDA=","id":67,"location":"Chevron Station","notes":null,"odometer":53015,"price_per_gallon":"My4wNw==","vehicle_id":"BUS-016"},
{"cost":"NzUuNDU=","created_at":"2025-07-23T00:42:11.49094Z","date":"2025-07-03T00:00:00Z","driver":null,"gallons":"MjIuMDA=","id":68,"location":"BP Station","notes":null,"odometer":52214,"price_per_gallon":"My40Mw==","vehicle_id":"BUS-016"},
{"cost":"MTQwLjg1","created_at":"2025-07-23T00:42:11.608918Z","date":"2025-06-30T00:00:00Z","driver":null,"gallons":"NDMuMDA=","id":69,"location":"Shell Station","notes":null,"odometer":51675,"price_per_gallon":"My4yOA==","vehicle_id":"BUS-016"},
{"cost":"MTEyLjUw","created_at":"2025-07-23T00:42:11.735715Z","date":"2025-06-26T00:00:00Z","driver":null,"gallons":"MzIuMDA=","id":70,"location":"Fleet Fuel Station","notes":null,"odometer":50876,"price_per_gallon":"My41Mg==","vehicle_id":"BUS-016"},
{"cost":"MTEyLjE5","created_at":"2025-07-23T00:42:11.862883Z","date":"2025-06-23T00:00:00Z","driver":null,"gallons":"MzQuMDA=","id":71,"location":"Fleet Fuel Station","notes":null,"odometer":50212,"price_per_gallon":"My4zMA==","vehicle_id":"BUS-016"},
{"cost":"MTU1LjQw","created_at":"2025-07-23T00:42:11.994916Z","date":"2025-07-22T00:00:00Z","driver":null,"gallons":"NDMuMDA=","id":72,"location":"Chevron Station","notes":null,"odometer":56039,"price_per_gallon":"My42MQ==","vehicle_id":"6"},
{"cost":"MTE1Ljgy","created_at":"2025-07-23T00:42:12.115253Z","date":"2025-07-19T00:00:00Z","driver":null,"gallons":"MzMuMDA=","id":73,"location":"Shell Station","notes":null,"odometer":55449,"price_per_gallon":"My41MQ==","vehicle_id":"6"},
{"cost":"ODguNDU=","created_at":"2025-07-23T00:42:12.3573Z","date":"2025-07-16T00:00:00Z","driver":null,"gallons":"MjguMDA=","id":74,"location":"BP Station","notes":null,"odometer":54823,"price_per_gallon":"My4xNg==","vehicle_id":"6"},
{"cost":"ODQuNTU=","created_at":"2025-07-23T00:42:12.481423Z","date":"2025-07-12T00:00:00Z","driver":null,"gallons":"MjYuMDA=","id":75,"location":"BP Station","notes":null,"odometer":54034,"price_per_gallon":"My4yNQ==","vehicle_id":"6"},
{"cost":"NzEuOTI=","created_at":"2025-07-23T00:42:12.600946Z","date":"2025-07-09T00:00:00Z","driver":null,"gallons":"MjAuMDA=","id":76,"location":"Shell Station","notes":null,"odometer":53465,"price_per_gallon":"My42MA==","vehicle_id":"6"},
{"cost":"MTUwLjMw","created_at":"2025-07-23T00:42:12.72483Z","date":"2025-07-06T00:00:00Z","driver":null,"gallons":"NDMuMDA=","id":77,"location":"Shell Station","notes":null,"odometer":52871,"price_per_gallon":"My41MA==","vehicle_id":"6"},
{"cost":"ODEuODc=","created_at":"2025-07-23T00:42:12.85659Z","date":"2025-07-03T00:00:00Z","driver":null,"gallons":"MjQuMDA=","id":78,"location":"BP Station","notes":null,"odometer":52248,"price_per_gallon":"My40MQ==","vehicle_id":"6"},
{"cost":"MTU2LjA0","created_at":"2025-07-23T00:42:13.005113Z","date":"2025-06-29T00:00:00Z","driver":null,"gallons":"NDUuMDA=","id":79,"location":"Shell Station","notes":null,"odometer":51460,"price_per_gallon":"My40Nw==","vehicle_id":"6"},
{"cost":"NzUuMjc=","created_at":"2025-07-23T00:42:13.141786Z","date":"2025-06-25T00:00:00Z","driver":null,"gallons":"MjAuMDA=","id":80,"location":"BP Station","notes":null,"odometer":50698,"price_per_gallon":"My43Ng==","vehicle_id":"6"},
{"cost":"MTMwLjY4","created_at":"2025-07-23T00:42:13.305253Z","date":"2025-07-22T00:00:00Z","driver":null,"gallons":"MzQuMDA=","id":81,"location":"BP Station","notes":null,"odometer":56005,"price_per_gallon":"My44NA==","vehicle_id":"BUS-018"},
{"cost":"ODcuOTk=","created_at":"2025-07-23T00:42:13.449291Z","date":"2025-07-19T00:00:00Z","driver":null,"gallons":"MjIuMDA=","id":82,"location":"Fleet Fuel Station","notes":null,"odometer":55455,"price_per_gallon":"NC4wMA==","vehicle_id":"BUS-018"},
{"cost":"MTE3LjE2","created_at":"2025-07-23T00:42:13.568846Z","date":"2025-07-15T00:00:00Z","driver":null,"gallons":"MzMuMDA=","id":83,"location":"Chevron Station","notes":null,"odometer":54672,"price_per_gallon":"My41NQ==","vehicle_id":"BUS-018"},
{"cost":"MTUzLjIx","created_at":"2025-07-23T00:42:13.6876Z","date":"2025-07-12T00:00:00Z","driver":null,"gallons":"NDEuMDA=","id":84,"location":"Chevron Station","notes":null,"odometer":54074,"price_per_gallon":"My43NA==","vehicle_id":"BUS-018"},
{"cost":"MTAyLjAx","created_at":"2025-07-23T00:42:13.811882Z","date":"2025-07-08T00:00:00Z","driver":null,"gallons":"MjYuMDA=","id":85,"location":"Chevron Station","notes":null,"odometer":53231,"price_per_gallon":"My45Mg==","vehicle_id":"BUS-018"},
{"cost":"MTE2LjQ3","created_at":"2025-07-23T00:42:14.355715Z","date":"2025-07-04T00:00:00Z","driver":null,"gallons":"MzcuMDA=","id":86,"location":"Chevron Station","notes":null,"odometer":52458,"price_per_gallon":"My4xNQ==","vehicle_id":"BUS-018"},
{"cost":"MTA2Ljkx","created_at":"2025-07-23T00:42:14.984214Z","date":"2025-06-30T00:00:00Z","driver":null,"gallons":"MjkuMDA=","id":87,"location":"BP Station","notes":null,"odometer":51663,"price_per_gallon":"My42OQ==","vehicle_id":"BUS-018"},
{"cost":"OTAuMTA=","created_at":"2025-07-23T00:42:15.2248Z","date":"2025-06-26T00:00:00Z","driver":null,"gallons":"MjcuMDA=","id":88,"location":"Chevron Station","notes":null,"odometer":50803,"price_per_gallon":"My4zNA==","vehicle_id":"BUS-018"}
]