[
{"assigned_date":"2025-06-25T00:00:00Z","bus_id":"24","created_at":"2025-06-25T23:00:31.319553Z","driver":"bjmathis","id":6,"route_id":"RT003","route_name":"NELC-1","updated_at":"2025-07-19T23:20:32.816063Z","vehicle_id":"24"},
{"assigned_date":"2025-06-26T00:00:00Z","bus_id":"52","created_at":"2025-06-26T19:02:49.868846Z","driver":"MariaA1","id":8,"route_id":"RT002","route_name":"Airport Way 2","updated_at":"2025-07-19T23:20:32.816063Z","vehicle_id":"52"},
{"assigned_date":"2025-07-22T00:00:00Z","bus_id":"101","created_at":"2025-07-22T05:46:56.370376Z","driver":"driver1","id":9,"route_id":"R001","route_name":"Elementary North","updated_at":"2025-07-22T05:46:56.370376Z","vehicle_id":null}
]