[
{"active":true,"alt_phone_number":"541-571-0007","created_at":"2025-06-25T17:52:51.340944Z","driver":"Bjm9909","dropoff_time":"0000-01-01T15:03:00Z","guardian":"Suzzie","id":2,"import_id":null,"locations":"W3sidHlwZSI6ICJwaWNrdXAiLCAiYWRkcmVzcyI6ICIxMjM0IGFuZGVyc29uIiwgImRlc2NyaXB0aW9uIjogImhvbWUifSwgeyJ0eXBlIjogImRyb3BvZmYiLCAiYWRkcmVzcyI6ICI2MDAgd2lsc29uIHJkIiwgImRlc2NyaXB0aW9uIjogImdtYSJ9XQ==","name":"Jimmy John","phone_number":"541-571-0003","pickup_time":"0000-01-01T07:40:00Z","position_number":11,"route_id":"RT003","student_id":"STU001","updated_at":"2025-06-25T17:52:51.340944Z"},
{"active":true,"alt_phone_number":"541-571-0007","created_at":"2025-06-25T17:54:03.093928Z","driver":"Bjm9909","dropoff_time":"0000-01-01T15:30:00Z","guardian":"john","id":3,"import_id":null,"locations":"W3sidHlwZSI6ICJwaWNrdXAiLCAiYWRkcmVzcyI6ICIxMjM0IGFuZGVyc29uIiwgImRlc2NyaXB0aW9uIjogImhvbWUifSwgeyJ0eXBlIjogImRyb3BvZmYiLCAiYWRkcmVzcyI6ICIxMjM0IEFuZGVyc29uIiwgImRlc2NyaXB0aW9uIjogImhvbWUifV0=","name":"suzzie","phone_number":"541-571-0003","pickup_time":"0000-01-01T07:45:00Z","position_number":12,"route_id":"RT003","student_id":"STU002","updated_at":"2025-06-25T17:54:03.093928Z"},
{"active":true,"alt_phone_number":"541-3172687","created_at":"2025-06-26T20:30:15.257663Z","driver":"MariaA1","dropoff_time":"0000-01-01T15:36:00Z","guardian":"Susi","id":35,"import_id":null,"locations":"bnVsbA==","name":"Cheila","phone_number":"541-5616596","pickup_time":"0000-01-01T07:29:00Z","position_number":0,"route_id":"RT002","student_id":"STU019","updated_at":"2025-06-26T20:30:15.257663Z"},
{"active":true,"alt_phone_number":"541-571-0007","created_at":"2025-06-26T18:40:00.404928Z","driver":"bjmathis","dropoff_time":"0000-01-01T15:25:00Z","guardian":"john","id":14,"import_id":null,"locations":"W3sidHlwZSI6ICJwaWNrdXAiLCAiYWRkcmVzcyI6ICIxMjM0IGFuZGVyc29uIiwgImRlc2NyaXB0aW9uIjogIiJ9XQ==","name":"Jimmy John","phone_number":"541-571-0003","pickup_time":"0000-01-01T07:00:00Z","position_number":0,"route_id":"RT003","student_id":"STU005","updated_at":"2025-06-26T22:47:18.312665Z"},
{"active":true,"alt_phone_number":"541-3172687","created_at":"2025-06-26T19:07:39.483007Z","driver":"MariaA1","dropoff_time":null,"guardian":"Susi","id":18,"import_id":null,"locations":"bnVsbA==","name":"Jose","phone_number":"541-5616596","pickup_time":"0000-01-01T06:30:00Z","position_number":0,"route_id":"RT002","student_id":"STU007","updated_at":"2025-07-01T18:17:47.972253Z"},
{"active":true,"alt_phone_number":"541-571-0007","created_at":"2025-06-25T19:13:44.055161Z","driver":"bjmathis","dropoff_time":"0000-01-01T15:00:00Z","guardian":"john","id":4,"import_id":null,"locations":"W10=","name":"jose","phone_number":"541-571-0003","pickup_time":"0000-01-01T06:00:00Z","position_number":1,"route_id":"RT003","student_id":"STU003","updated_at":"2025-06-25T19:24:38.569849Z"},
{"active":true,"alt_phone_number":"541-571-0007","created_at":"2025-06-25T19:16:16.935272Z","driver":"bjmathis","dropoff_time":"0000-01-01T14:30:00Z","guardian":"Suzzie","id":5,"import_id":null,"locations":"W10=","name":"mia","phone_number":"541-571-0003","pickup_time":"0000-01-01T06:10:00Z","position_number":2,"route_id":"RT003","student_id":"STU004","updated_at":"2025-06-26T18:43:13.034854Z"},
{"active":true,"alt_phone_number":"541-571-0007","created_at":"2025-06-26T18:45:27.521148Z","driver":"bjmathis","dropoff_time":"0000-01-01T16:33:00Z","guardian":"john","id":17,"import_id":null,"locations":"W3sidHlwZSI6ICJwaWNrdXAiLCAiYWRkcmVzcyI6ICIxMjM0IGFuZGVyc29uIiwgImRlc2NyaXB0aW9uIjogImhvbWUifSwgeyJ0eXBlIjogImRyb3BvZmYiLCAiYWRkcmVzcyI6ICI2MDAgd2lsc29uIHJkIiwgImRlc2NyaXB0aW9uIjogImdtYSJ9XQ==","name":"suzzie q","phone_number":"541-571-0003","pickup_time":"0000-01-01T07:46:00Z","position_number":0,"route_id":"RT003","student_id":"STU006","updated_at":"2025-06-26T18:45:27.521148Z"},
{"active":true,"alt_phone_number":null,"created_at":"2025-07-22T05:46:56.499334Z","driver":"driver1","dropoff_time":"0000-01-01T15:45:00Z","guardian":"Sarah Johnson","id":40,"import_id":null,"locations":"W3sidHlwZSI6ICJwaWNrdXAiLCAiYWRkcmVzcyI6ICIxMjMgT2FrIFN0IiwgImRlc2NyaXB0aW9uIjogIkJsdWUgaG91c2UifV0=","name":"Emma Johnson","phone_number":"555-0101","pickup_time":"0000-01-01T07:30:00Z","position_number":1,"route_id":"R001","student_id":"S001","updated_at":"2025-07-22T05:46:56.499334Z"},
{"active":true,"alt_phone_number":"541-3172687","created_at":"2025-06-26T19:09:23.658852Z","driver":"MariaA1","dropoff_time":"0000-01-01T15:01:00Z","guardian":"Susi","id":19,"import_id":null,"locations":"W10=","name":"Mia","phone_number":"541-5616596","pickup_time":"0000-01-01T06:03:00Z","position_number":0,"route_id":"RT002","student_id":"STU008","updated_at":"2025-06-26T19:10:29.471433Z"},
{"active":true,"alt_phone_number":"541-3172687","created_at":"2025-06-26T19:16:26.643946Z","driver":"MariaA1","dropoff_time":"0000-01-01T15:15:00Z","guardian":"susi","id":23,"import_id":null,"locations":"W3sidHlwZSI6ICJwaWNrdXAiLCAiYWRkcmVzcyI6ICIxMzUzIGUgdGhlYXRlciBsbiIsICJkZXNjcmlwdGlvbiI6ICJIb21lIn0sIHsidHlwZSI6ICJkcm9wb2ZmIiwgImFkZHJlc3MiOiAiMTI2IDV0aCBzdCIsICJkZXNjcmlwdGlvbiI6ICJncmFtYSJ9XQ==","name":"Lucia","phone_number":"541-5616596","pickup_time":"0000-01-01T06:55:00Z","position_number":0,"route_id":"RT002","student_id":"STU009","updated_at":"2025-06-26T19:16:26.643946Z"},
{"active":true,"alt_phone_number":"541-3172687","created_at":"2025-06-26T19:31:57.050134Z","driver":"MariaA1","dropoff_time":"0000-01-01T15:13:00Z","guardian":"Susi","id":25,"import_id":null,"locations":"bnVsbA==","name":"Caliyah","phone_number":"541-5616596","pickup_time":"0000-01-01T07:12:00Z","position_number":0,"route_id":"RT002","student_id":"STU011","updated_at":"2025-06-26T19:31:57.050134Z"},
{"active":true,"alt_phone_number":"541-3172687","created_at":"2025-06-26T19:38:31.722782Z","driver":"MariaA1","dropoff_time":"0000-01-01T15:14:00Z","guardian":"Susi","id":26,"import_id":null,"locations":"bnVsbA==","name":"Emmet","phone_number":"541-5616596","pickup_time":"0000-01-01T07:13:00Z","position_number":0,"route_id":"RT002","student_id":"STU012","updated_at":"2025-06-26T19:38:31.722782Z"},
{"active":true,"alt_phone_number":"541-3172687","created_at":"2025-06-26T19:19:35.239135Z","driver":"MariaA1","dropoff_time":"0000-01-01T15:10:00Z","guardian":"Susi","id":24,"import_id":null,"locations":"W10=","name":"Baylee","phone_number":"541-5616596","pickup_time":"0000-01-01T07:02:00Z","position_number":0,"route_id":"RT002","student_id":"STU010","updated_at":"2025-06-26T19:50:55.479634Z"},
{"active":true,"alt_phone_number":"541-3172687","created_at":"2025-06-26T20:09:54.071064Z","driver":"MariaA1","dropoff_time":"0000-01-01T15:25:00Z","guardian":"Susi","id":29,"import_id":null,"locations":"bnVsbA==","name":"Meelina","phone_number":"541-5616596","pickup_time":"0000-01-01T06:24:00Z","position_number":0,"route_id":"RT002","student_id":"STU014","updated_at":"2025-06-26T20:09:54.071064Z"},
{"active":true,"alt_phone_number":"541-3172687","created_at":"2025-06-26T20:04:54.616457Z","driver":"MariaA1","dropoff_time":"0000-01-01T15:48:00Z","guardian":"Susi","id":28,"import_id":null,"locations":"W10=","name":"Jaden","phone_number":"541-5616596","pickup_time":"0000-01-01T07:18:00Z","position_number":0,"route_id":"RT002","student_id":"STU013","updated_at":"2025-06-26T20:16:21.397811Z"},
{"active":true,"alt_phone_number":"541-3172687","created_at":"2025-06-26T20:18:14.981165Z","driver":"MariaA1","dropoff_time":"0000-01-01T15:17:00Z","guardian":"Susi","id":31,"import_id":null,"locations":"bnVsbA==","name":"Ember","phone_number":"541-5616596","pickup_time":"0000-01-01T07:17:00Z","position_number":0,"route_id":"RT002","student_id":"STU015","updated_at":"2025-06-26T20:18:14.981165Z"},
{"active":true,"alt_phone_number":"541-3172687","created_at":"2025-06-26T20:21:00.326584Z","driver":"MariaA1","dropoff_time":"0000-01-01T15:36:00Z","guardian":"Susi","id":32,"import_id":null,"locations":"bnVsbA==","name":"Raynezmay","phone_number":"541-5616596","pickup_time":"0000-01-01T07:26:00Z","position_number":0,"route_id":"RT002","student_id":"STU016","updated_at":"2025-06-26T20:21:00.326584Z"},
{"active":true,"alt_phone_number":"541-3172687","created_at":"2025-06-26T20:25:00.628556Z","driver":"MariaA1","dropoff_time":"0000-01-01T15:38:00Z","guardian":"Susi","id":33,"import_id":null,"locations":"bnVsbA==","name":"Dayana","phone_number":"541-5616596","pickup_time":"0000-01-01T07:40:00Z","position_number":0,"route_id":"RT002","student_id":"STU017","updated_at":"2025-06-26T20:25:00.628556Z"},
{"active":true,"alt_phone_number":"541-3172687","created_at":"2025-06-26T20:27:17.528226Z","driver":"MariaA1","dropoff_time":"0000-01-01T15:48:00Z","guardian":"Susi","id":34,"import_id":null,"locations":"bnVsbA==","name":"Marcos","phone_number":"541-5616596","pickup_time":"0000-01-01T07:32:00Z","position_number":0,"route_id":"RT002","student_id":"STU018","updated_at":"2025-06-26T20:27:17.528226Z"},
{"active":true,"alt_phone_number":null,"created_at":"2025-07-22T05:46:56.588466Z","driver":"driver1","dropoff_time":"0000-01-01T15:40:00Z","guardian":"Mike Smith","id":41,"import_id":null,"locations":"W3sidHlwZSI6ICJwaWNrdXAiLCAiYWRkcmVzcyI6ICI0NTYgUGluZSBBdmUiLCAiZGVzY3JpcHRpb24iOiAiUmVkIGJyaWNrIGhvdXNlIn1d","name":"Liam Smith","phone_number":"555-0102","pickup_time":"0000-01-01T07:35:00Z","position_number":2,"route_id":"R001","student_id":"S002","updated_at":"2025-07-22T05:46:56.588466Z"},
{"active":true,"alt_phone_number":null,"created_at":"2025-07-22T05:46:56.680399Z","driver":"driver1","dropoff_time":"0000-01-01T15:35:00Z","guardian":"Maria Garcia","id":42,"import_id":null,"locations":"W3sidHlwZSI6ICJwaWNrdXAiLCAiYWRkcmVzcyI6ICI3ODkgRWxtIERyIiwgImRlc2NyaXB0aW9uIjogIldoaXRlIGZlbmNlIn1d","name":"Sofia Garcia","phone_number":"555-0103","pickup_time":"0000-01-01T07:40:00Z","position_number":3,"route_id":"R001","student_id":"S003","updated_at":"2025-07-22T05:46:56.680399Z"},
{"active":true,"alt_phone_number":null,"created_at":"2025-07-23T00:42:15.469983Z","driver":null,"dropoff_time":null,"guardian":null,"id":43,"import_id":null,"locations":"eyJwaWNrdXAiOiAiNzg5IEVsbSBEciIsICJkcm9wb2ZmIjogIlNjaG9vbCJ9","name":"Emma Smith","phone_number":"555-6763","pickup_time":null,"position_number":null,"route_id":"63","student_id":"STU-0023","updated_at":"2025-07-23T00:42:15.469983Z"},
{"active":true,"alt_phone_number":null,"created_at":"2025-07-23T00:42:15.594406Z","driver":null,"dropoff_time":null,"guardian":null,"id":44,"import_id":null,"locations":"eyJwaWNrdXAiOiAiMTIzIE1haW4gU3QiLCAiZHJvcG9mZiI6ICJTY2hvb2wifQ==","name":"Liam Johnson","phone_number":"555-4007","pickup_time":null,"position_number":null,"route_id":"62","student_id":"STU-0024","updated_at":"2025-07-23T00:42:15.594406Z"},
{"active":true,"alt_phone_number":null,"created_at":"2025-07-23T00:42:15.714996Z","driver":null,"dropoff_time":null,"guardian":null,"id":45,"import_id":null,"locations":"eyJwaWNrdXAiOiAiNzg5IEVsbSBEciIsICJkcm9wb2ZmIjogIlNjaG9vbCJ9","name":"Olivia Williams","phone_number":"555-6867","pickup_time":null,"position_number":null,"route_id":"63","student_id":"STU-0025","updated_at":"2025-07-23T00:42:15.714996Z"},
{"active":true,"alt_phone_number":null,"created_at":"2025-07-23T00:42:15.837264Z","driver":null,"dropoff_time":null,"guardian":null,"id":46,"import_id":null,"locations":"eyJwaWNrdXAiOiAiNjU0IFNjaG9vbCBMbiIsICJkcm9wb2ZmIjogIlNjaG9vbCJ9","name":"Noah Brown","phone_number":"555-2532","pickup_time":null,"position_number":null,"route_id":"62","student_id":"STU-0026","updated_at":"2025-07-23T00:42:15.837264Z"},
{"active":true,"alt_phone_number":null,"created_at":"2025-07-23T00:42:15.958884Z","driver":null,"dropoff_time":null,"guardian":null,"id":47,"import_id":null,"locations":"eyJwaWNrdXAiOiAiMzIxIFBhcmsgUmQiLCAiZHJvcG9mZiI6ICJTY2hvb2wifQ==","name":"Ava Jones","phone_number":"555-9059","pickup_time":null,"position_number":null,"route_id":"63","student_id":"STU-0027","updated_at":"2025-07-23T00:42:15.958884Z"},
{"active":true,"alt_phone_number":null,"created_at":"2025-07-23T00:42:16.157671Z","driver":null,"dropoff_time":null,"guardian":null,"id":48,"import_id":null,"locations":"eyJwaWNrdXAiOiAiNzg5IEVsbSBEciIsICJkcm9wb2ZmIjogIlNjaG9vbCJ9","name":"Ethan Garcia","phone_number":"555-9610","pickup_time":null,"position_number":null,"route_id":"63","student_id":"STU-0028","updated_at":"2025-07-23T00:42:16.157671Z"},
{"active":true,"alt_phone_number":null,"created_at":"2025-07-23T00:42:16.28475Z","driver":null,"dropoff_time":null,"guardian":null,"id":49,"import_id":null,"locations":"eyJwaWNrdXAiOiAiMzIxIFBhcmsgUmQiLCAiZHJvcG9mZiI6ICJTY2hvb2wifQ==","name":"Sophia Miller","phone_number":"555-3377","pickup_time":null,"position_number":null,"route_id":"57","student_id":"STU-0029","updated_at":"2025-07-23T00:42:16.28475Z"},
{"active":true,"alt_phone_number":null,"created_at":"2025-07-23T00:42:16.40703Z","driver":null,"dropoff_time":null,"guardian":null,"id":50,"import_id":null,"locations":"eyJwaWNrdXAiOiAiMzIxIFBhcmsgUmQiLCAiZHJvcG9mZiI6ICJTY2hvb2wifQ==","name":"Mason Davis","phone_number":"555-3172","pickup_time":null,"position_number":null,"route_id":"62","student_id":"STU-0030","updated_at":"2025-07-23T00:42:16.40703Z"},
{"active":true,"alt_phone_number":null,"created_at":"2025-07-23T00:42:16.52931Z","driver":null,"dropoff_time":null,"guardian":null,"id":51,"import_id":null,"locations":"eyJwaWNrdXAiOiAiMTIzIE1haW4gU3QiLCAiZHJvcG9mZiI6ICJTY2hvb2wifQ==","name":"Isabella Rodriguez","phone_number":"555-4982","pickup_time":null,"position_number":null,"route_id":"81","student_id":"STU-0031","updated_at":"2025-07-23T00:42:16.52931Z"},
{"active":true,"alt_phone_number":null,"created_at":"2025-07-23T00:42:16.936299Z","driver":null,"dropoff_time":null,"guardian":null,"id":52,"import_id":null,"locations":"eyJwaWNrdXAiOiAiMzIxIFBhcmsgUmQiLCAiZHJvcG9mZiI6ICJTY2hvb2wifQ==","name":"William Martinez","phone_number":"555-5328","pickup_time":null,"position_number":null,"route_id":"47","student_id":"STU-0032","updated_at":"2025-07-23T00:42:16.936299Z"},
{"active":true,"alt_phone_number":null,"created_at":"2025-07-23T00:42:17.084849Z","driver":null,"dropoff_time":null,"guardian":null,"id":53,"import_id":null,"locations":"eyJwaWNrdXAiOiAiNjU0IFNjaG9vbCBMbiIsICJkcm9wb2ZmIjogIlNjaG9vbCJ9","name":"Mia Anderson","phone_number":"555-8593","pickup_time":null,"position_number":null,"route_id":"81","student_id":"STU-0033","updated_at":"2025-07-23T00:42:17.084849Z"},
{"active":true,"alt_phone_number":null,"created_at":"2025-07-23T00:42:17.230063Z","driver":null,"dropoff_time":null,"guardian":null,"id":54,"import_id":null,"locations":"eyJwaWNrdXAiOiAiNzg5IEVsbSBEciIsICJkcm9wb2ZmIjogIlNjaG9vbCJ9","name":"James Taylor","phone_number":"555-5173","pickup_time":null,"position_number":null,"route_id":"62","student_id":"STU-0034","updated_at":"2025-07-23T00:42:17.230063Z"},
{"active":true,"alt_phone_number":null,"created_at":"2025-07-23T00:42:17.458236Z","driver":null,"dropoff_time":null,"guardian":null,"id":55,"import_id":null,"locations":"eyJwaWNrdXAiOiAiMzIxIFBhcmsgUmQiLCAiZHJvcG9mZiI6ICJTY2hvb2wifQ==","name":"Charlotte Thomas","phone_number":"555-2649","pickup_time":null,"position_number":null,"route_id":"62","student_id":"STU-0035","updated_at":"2025-07-23T00:42:17.458236Z"},
{"active":true,"alt_phone_number":null,"created_at":"2025-07-23T00:42:17.597893Z","driver":null,"dropoff_time":null,"guardian":null,"id":56,"import_id":null,"locations":"eyJwaWNrdXAiOiAiMzIxIFBhcmsgUmQiLCAiZHJvcG9mZiI6ICJTY2hvb2wifQ==","name":"Benjamin Hernandez","phone_number":"555-7422","pickup_time":null,"position_number":null,"route_id":"81","student_id":"STU-0036","updated_at":"2025-07-23T00:42:17.597893Z"},
{"active":true,"alt_phone_number":null,"created_at":"2025-07-23T00:42:17.729575Z","driver":null,"dropoff_time":null,"guardian":null,"id":57,"import_id":null,"locations":"eyJwaWNrdXAiOiAiMzIxIFBhcmsgUmQiLCAiZHJvcG9mZiI6ICJTY2hvb2wifQ==","name":"Amelia Moore","phone_number":"555-5823","pickup_time":null,"position_number":null,"route_id":"57","student_id":"STU-0037","updated_at":"2025-07-23T00:42:17.729575Z"},
{"active":true,"alt_phone_number":null,"created_at":"2025-07-23T00:42:17.846793Z","driver":null,"dropoff_time":null,"guardian":null,"id":58,"import_id":null,"locations":"eyJwaWNrdXAiOiAiMTIzIE1haW4gU3QiLCAiZHJvcG9mZiI6ICJTY2hvb2wifQ==","name":"Lucas Martin","phone_number":"555-9757","pickup_time":null,"position_number":null,"route_id":"47","student_id":"STU-0038","updated_at":"2025-07-23T00:42:17.846793Z"},
{"active":true,"alt_phone_number":null,"created_at":"2025-07-23T00:42:18.028321Z","driver":null,"dropoff_time":null,"guardian":null,"id":59,"import_id":null,"locations":"eyJwaWNrdXAiOiAiMTIzIE1haW4gU3QiLCAiZHJvcG9mZiI6ICJTY2hvb2wifQ==","name":"Harper Jackson","phone_number":"555-1127","pickup_time":null,"position_number":null,"route_id":"63","student_id":"STU-0039","updated_at":"2025-07-23T00:42:18.028321Z"},
{"active":true,"alt_phone_number":null,"created_at":"2025-07-23T00:42:18.154469Z","driver":null,"dropoff_time":null,"guardian":null,"id":60,"import_id":null,"locations":"eyJwaWNrdXAiOiAiNjU0IFNjaG9vbCBMbiIsICJkcm9wb2ZmIjogIlNjaG9vbCJ9","name":"Henry Thompson","phone_number":"555-6631","pickup_time":null,"position_number":null,"route_id":"57","student_id":"STU-0040","updated_at":"2025-07-23T00:42:18.154469Z"},
{"active":true,"alt_phone_number":null,"created_at":"2025-07-23T00:42:18.292981Z","driver":null,"dropoff_time":null,"guardian":null,"id":61,"import_id":null,"locations":"eyJwaWNrdXAiOiAiMzIxIFBhcmsgUmQiLCAiZHJvcG9mZiI6ICJTY2hvb2wifQ==","name":"Evelyn White","phone_number":"555-7879","pickup_time":null,"position_number":null,"route_id":"57","student_id":"STU-0041","updated_at":"2025-07-23T00:42:18.292981Z"},
{"active":true,"alt_phone_number":null,"created_at":"2025-07-23T00:42:18.492461Z","driver":null,"dropoff_time":null,"guardian":null,"id":62,"import_id":null,"locations":"eyJwaWNrdXAiOiAiNjU0IFNjaG9vbCBMbiIsICJkcm9wb2ZmIjogIlNjaG9vbCJ9","name":"Alexander Lopez","phone_number":"555-8776","pickup_time":null,"position_number":null,"route_id":"47","student_id":"STU-0042","updated_at":"2025-07-23T00:42:18.492461Z"}
]