[
{"created_at":"2025-06-17T07:00:18.455153Z","id":1,"maintenance_date":"2025-06-17T00:00:00Z","unnamed_0":null,"unnamed_1":"VEH. NUMBER","unnamed_10":null,"unnamed_11":null,"unnamed_12":null,"unnamed_13":null,"unnamed_2":null,"unnamed_3":"SERVICED MILES","unnamed_4":"LAST MILAGE","unnamed_5":"NEEDS SERVICES","unnamed_6":null,"unnamed_7":"MILES TO SERVICE","unnamed_8":"SERVICE AT:","unnamed_9":null,"updated_at":"2025-06-17T07:00:18.455153Z"},
{"created_at":"2025-06-17T07:00:18.455153Z","id":2,"maintenance_date":"2025-06-17T00:00:00Z","unnamed_0":"2012 CHEVY IMPALA","unnamed_1":"6","unnamed_10":"2012","unnamed_11":null,"unnamed_12":null,"unnamed_13":null,"unnamed_2":"HCSR","unnamed_3":"100707","unnamed_4":"102869","unnamed_5":"105707","unnamed_6":null,"unnamed_7":"2838","unnamed_8":"5000","unnamed_9":null,"updated_at":"2025-06-17T07:00:18.455153Z"},
{"created_at":"2025-06-17T07:00:18.455153Z","id":3,"maintenance_date":"2025-06-17T00:00:00Z","unnamed_0":"2012 DODGE RAM","unnamed_1":"7","unnamed_10":"2013","unnamed_11":null,"unnamed_12":null,"unnamed_13":null,"unnamed_2":"AOC","unnamed_3":"74488","unnamed_4":"80251","unnamed_5":"79488","unnamed_6":null,"unnamed_7":"-763","unnamed_8":"5000","unnamed_9":null,"updated_at":"2025-06-17T07:00:18.455153Z"},
{"created_at":"2025-06-17T07:00:18.455153Z","id":4,"maintenance_date":"2025-06-17T00:00:00Z","unnamed_0":"2013 FORD FOCUS","unnamed_1":"8","unnamed_10":"2013","unnamed_11":null,"unnamed_12":null,"unnamed_13":null,"unnamed_2":"VICTORY SQ","unnamed_3":"60851","unnamed_4":"80251","unnamed_5":"65851","unnamed_6":null,"unnamed_7":"-14400","unnamed_8":"5000","unnamed_9":null,"updated_at":"2025-06-17T07:00:18.455153Z"},
{"created_at":"2025-06-17T07:00:18.455153Z","id":5,"maintenance_date":"2025-06-17T00:00:00Z","unnamed_0":"2011 COROLLA","unnamed_1":"27","unnamed_10":"2011","unnamed_11":null,"unnamed_12":null,"unnamed_13":null,"unnamed_2":"UMATILLA","unnamed_3":"63680","unnamed_4":"63756","unnamed_5":"68680","unnamed_6":" ","unnamed_7":"4924","unnamed_8":"5000","unnamed_9":null,"updated_at":"2025-06-17T07:00:18.455153Z"},
{"created_at":"2025-06-17T07:00:18.455153Z","id":6,"maintenance_date":"2025-06-17T00:00:00Z","unnamed_0":"2013 RAV 4","unnamed_1":"28","unnamed_10":"2013","unnamed_11":null,"unnamed_12":null,"unnamed_13":null,"unnamed_2":"PELC","unnamed_3":"109148","unnamed_4":"111059","unnamed_5":"114148","unnamed_6":null,"unnamed_7":"3089","unnamed_8":"5000","unnamed_9":null,"updated_at":"2025-06-17T07:00:18.455153Z"},
{"created_at":"2025-06-17T07:00:18.455153Z","id":7,"maintenance_date":"2025-06-17T00:00:00Z","unnamed_0":"2013 SIENNA","unnamed_1":"29","unnamed_10":"2013","unnamed_11":null,"unnamed_12":null,"unnamed_13":null,"unnamed_2":"LA GRANDE","unnamed_3":"75488","unnamed_4":"75522","unnamed_5":"80488","unnamed_6":null,"unnamed_7":"4966","unnamed_8":"5000","unnamed_9":null,"updated_at":"2025-06-17T07:00:18.455153Z"},
{"created_at":"2025-06-17T07:00:18.455153Z","id":8,"maintenance_date":"2025-06-17T00:00:00Z","unnamed_0":"2016 COROLLA","unnamed_1":"30","unnamed_10":"2016","unnamed_11":null,"unnamed_12":null,"unnamed_13":null,"unnamed_2":"IRRIGON","unnamed_3":"94508","unnamed_4":"94333","unnamed_5":"99508","unnamed_6":null,"unnamed_7":"5175","unnamed_8":"5000","unnamed_9":"2025-05-15 00:00:00","updated_at":"2025-06-17T07:00:18.455153Z"},
{"created_at":"2025-06-17T07:00:18.455153Z","id":9,"maintenance_date":"2025-06-17T00:00:00Z","unnamed_0":"2016 COROLLA","unnamed_1":"31","unnamed_10":"2016","unnamed_11":null,"unnamed_12":null,"unnamed_13":null,"unnamed_2":"HCSR","unnamed_3":"68684","unnamed_4":"72269","unnamed_5":"73684","unnamed_6":null,"unnamed_7":"1415","unnamed_8":"5000","unnamed_9":null,"updated_at":"2025-06-17T07:00:18.455153Z"},
{"created_at":"2025-06-17T07:00:18.455153Z","id":10,"maintenance_date":"2025-06-17T00:00:00Z","unnamed_0":"2016 AV 4","unnamed_1":"32","unnamed_10":"2016","unnamed_11":null,"unnamed_12":null,"unnamed_13":null,"unnamed_2":"MILTON FW","unnamed_3":"69756","unnamed_4":"74831","unnamed_5":"74756","unnamed_6":null,"unnamed_7":"-75","unnamed_8":"5000","unnamed_9":null,"updated_at":"2025-06-17T07:00:18.455153Z"},
{"created_at":"2025-06-17T07:00:18.455153Z","id":11,"maintenance_date":"2025-06-17T00:00:00Z","unnamed_0":"2018 CAMRY","unnamed_1":"33","unnamed_10":"2018","unnamed_11":null,"unnamed_12":null,"unnamed_13":null,"unnamed_2":"HCDC","unnamed_3":"35949","unnamed_4":"36605","unnamed_5":"40949","unnamed_6":" ","unnamed_7":"4344","unnamed_8":"5000","unnamed_9":"2025-04-28 00:00:00","updated_at":"2025-06-17T07:00:18.455153Z"},
{"created_at":"2025-06-17T07:00:18.455153Z","id":12,"maintenance_date":"2025-06-17T00:00:00Z","unnamed_0":"2018 CAMRY","unnamed_1":"34","unnamed_10":"2018","unnamed_11":null,"unnamed_12":null,"unnamed_13":null,"unnamed_2":"PELC","unnamed_3":"29672","unnamed_4":"33454","unnamed_5":"34672","unnamed_6":null,"unnamed_7":"1218","unnamed_8":"5000","unnamed_9":null,"updated_at":"2025-06-17T07:00:18.455153Z"},
{"created_at":"2025-06-17T07:00:18.455153Z","id":13,"maintenance_date":"2025-06-17T00:00:00Z","unnamed_0":"2018 CAMRY","unnamed_1":"35","unnamed_10":"2018","unnamed_11":null,"unnamed_12":null,"unnamed_13":null,"unnamed_2":"LA GRANDE","unnamed_3":"34535","unnamed_4":"38102","unnamed_5":"39535","unnamed_6":null,"unnamed_7":"1433","unnamed_8":"5000","unnamed_9":null,"updated_at":"2025-06-17T07:00:18.455153Z"},
{"created_at":"2025-06-17T07:00:18.455153Z","id":14,"maintenance_date":"2025-06-17T00:00:00Z","unnamed_0":"2018 RAV 4","unnamed_1":"36","unnamed_10":"2018","unnamed_11":null,"unnamed_12":null,"unnamed_13":null,"unnamed_2":"ENTERPRISE","unnamed_3":"39984","unnamed_4":"40069","unnamed_5":"44984","unnamed_6":" ","unnamed_7":"4915","unnamed_8":"5000","unnamed_9":null,"updated_at":"2025-06-17T07:00:18.455153Z"},
{"created_at":"2025-06-17T07:00:18.455153Z","id":15,"maintenance_date":"2025-06-17T00:00:00Z","unnamed_0":"2020 SIENNA","unnamed_1":"37","unnamed_10":"2020","unnamed_11":null,"unnamed_12":null,"unnamed_13":null,"unnamed_2":"MAIN OFFICE?","unnamed_3":"31385","unnamed_4":"35398","unnamed_5":"36385","unnamed_6":null,"unnamed_7":"987","unnamed_8":"5000","unnamed_9":null,"updated_at":"2025-06-17T07:00:18.455153Z"},
{"created_at":"2025-06-17T07:00:18.455153Z","id":16,"maintenance_date":"2025-06-17T00:00:00Z","unnamed_0":"2010 RAV 4","unnamed_1":"39","unnamed_10":"2010","unnamed_11":null,"unnamed_12":null,"unnamed_13":null,"unnamed_2":"CCR\u0026R","unnamed_3":"143388","unnamed_4":"143388","unnamed_5":"148388","unnamed_6":" ","unnamed_7":"5000","unnamed_8":"5000","unnamed_9":null,"updated_at":"2025-06-17T07:00:18.455153Z"},
{"created_at":"2025-06-17T07:00:18.455153Z","id":17,"maintenance_date":"2025-06-17T00:00:00Z","unnamed_0":"2014 PILOT","unnamed_1":"40","unnamed_10":"2014","unnamed_11":null,"unnamed_12":null,"unnamed_13":null,"unnamed_2":"HCSR/WIC","unnamed_3":"84577","unnamed_4":"67871","unnamed_5":"89577","unnamed_6":" ","unnamed_7":"21706","unnamed_8":"5000","unnamed_9":null,"updated_at":"2025-06-17T07:00:18.455153Z"},
{"created_at":"2025-06-17T07:00:18.455153Z","id":18,"maintenance_date":"2025-06-17T00:00:00Z","unnamed_0":"2021 RAV 4","unnamed_1":"45","unnamed_10":"2021","unnamed_11":null,"unnamed_12":null,"unnamed_13":null,"unnamed_2":"WIC","unnamed_3":"35409","unnamed_4":"35407","unnamed_5":"45409","unnamed_6":null,"unnamed_7":"10002","unnamed_8":"10000","unnamed_9":"2025-04-30 00:00:00","updated_at":"2025-06-17T07:00:18.455153Z"},
{"created_at":"2025-06-17T07:00:18.455153Z","id":19,"maintenance_date":"2025-06-17T00:00:00Z","unnamed_0":"2014 GRAND CARAVAN SILVER","unnamed_1":"46","unnamed_10":"2014","unnamed_11":null,"unnamed_12":null,"unnamed_13":null,"unnamed_2":"AOC","unnamed_3":"69872","unnamed_4":"71263","unnamed_5":"73872","unnamed_6":null,"unnamed_7":"2609","unnamed_8":"5000","unnamed_9":null,"updated_at":"2025-06-17T07:00:18.455153Z"},
{"created_at":"2025-06-17T07:00:18.455153Z","id":20,"maintenance_date":"2025-06-17T00:00:00Z","unnamed_0":"2014 DODGE CARAVAN BLUE","unnamed_1":"47","unnamed_10":"2014","unnamed_11":null,"unnamed_12":null,"unnamed_13":null,"unnamed_2":"FACE","unnamed_3":"88173","unnamed_4":"88980","unnamed_5":"93172","unnamed_6":" ","unnamed_7":"4192","unnamed_8":"5000","unnamed_9":null,"updated_at":"2025-06-17T07:00:18.455153Z"},
{"created_at":"2025-06-17T07:00:18.455153Z","id":21,"maintenance_date":"2025-06-17T00:00:00Z","unnamed_0":"2013 OUTBACK","unnamed_1":"49","unnamed_10":"2013","unnamed_11":null,"unnamed_12":null,"unnamed_13":null,"unnamed_2":"PELC","unnamed_3":"134224","unnamed_4":"135825","unnamed_5":"139224","unnamed_6":null,"unnamed_7":"3399","unnamed_8":"5000","unnamed_9":null,"updated_at":"2025-06-17T07:00:18.455153Z"},
{"created_at":"2025-06-17T07:00:18.455153Z","id":22,"maintenance_date":"2025-06-17T00:00:00Z","unnamed_0":"2009 SIENNA","unnamed_1":"51","unnamed_10":"2009","unnamed_11":null,"unnamed_12":null,"unnamed_13":null,"unnamed_2":"VICTORY SQ","unnamed_3":"122916","unnamed_4":"126500","unnamed_5":"127913","unnamed_6":null,"unnamed_7":"1413","unnamed_8":"5000","unnamed_9":null,"updated_at":"2025-06-17T07:00:18.455153Z"},
{"created_at":"2025-06-17T07:00:18.455153Z","id":23,"maintenance_date":"2025-06-17T00:00:00Z","unnamed_0":"2021 COROLLA","unnamed_1":"54","unnamed_10":"2021","unnamed_11":null,"unnamed_12":null,"unnamed_13":null,"unnamed_2":"HCSR","unnamed_3":"32419","unnamed_4":"36382","unnamed_5":"42419","unnamed_6":" ","unnamed_7":"6037","unnamed_8":"10000","unnamed_9":null,"updated_at":"2025-06-17T07:00:18.455153Z"},
{"created_at":"2025-06-17T07:00:18.455153Z","id":24,"maintenance_date":"2025-06-17T00:00:00Z","unnamed_0":"2021 COROLLA","unnamed_1":"55","unnamed_10":"2021","unnamed_11":null,"unnamed_12":null,"unnamed_13":null,"unnamed_2":"BOARDMAN","unnamed_3":"15053","unnamed_4":"18897","unnamed_5":"25053","unnamed_6":null,"unnamed_7":"6156","unnamed_8":"10000","unnamed_9":null,"updated_at":"2025-06-17T07:00:18.455153Z"},
{"created_at":"2025-06-17T07:00:18.455153Z","id":25,"maintenance_date":"2025-06-17T00:00:00Z","unnamed_0":"2021 COROLLA","unnamed_1":"56","unnamed_10":"2021","unnamed_11":null,"unnamed_12":null,"unnamed_13":null,"unnamed_2":"MAIN OFFICE","unnamed_3":"44709","unnamed_4":"49156","unnamed_5":"54709","unnamed_6":" ","unnamed_7":"5553","unnamed_8":"10000","unnamed_9":null,"updated_at":"2025-06-17T07:00:18.455153Z"},
{"created_at":"2025-06-17T07:00:18.455153Z","id":26,"maintenance_date":"2025-06-17T00:00:00Z","unnamed_0":"2021 COROLLA","unnamed_1":"57","unnamed_10":"2021","unnamed_11":null,"unnamed_12":null,"unnamed_13":null,"unnamed_2":"MAIN OFFICE","unnamed_3":"30485","unnamed_4":"33133","unnamed_5":"40485","unnamed_6":" ","unnamed_7":"7352","unnamed_8":"10000","unnamed_9":null,"updated_at":"2025-06-17T07:00:18.455153Z"},
{"created_at":"2025-06-17T07:00:18.455153Z","id":27,"maintenance_date":"2025-06-17T00:00:00Z","unnamed_0":"2022 RAV 4","unnamed_1":"65","unnamed_10":"2022","unnamed_11":null,"unnamed_12":null,"unnamed_13":null,"unnamed_2":"PINE TREE","unnamed_3":" ","unnamed_4":" ","unnamed_5":" ","unnamed_6":null,"unnamed_7":"0","unnamed_8":"10000","unnamed_9":" ","updated_at":"2025-06-17T07:00:18.455153Z"},
{"created_at":"2025-06-17T07:00:18.455153Z","id":28,"maintenance_date":"2025-06-17T00:00:00Z","unnamed_0":"2023 TUNDRA","unnamed_1":"66","unnamed_10":"2022","unnamed_11":null,"unnamed_12":null,"unnamed_13":null,"unnamed_2":"BOARDMAN","unnamed_3":"13745","unnamed_4":"14153","unnamed_5":"23745","unnamed_6":null,"unnamed_7":"9592","unnamed_8":"10000","unnamed_9":"2025-05-15 00:00:00","updated_at":"2025-06-17T07:00:18.455153Z"},
{"created_at":"2025-06-17T07:00:18.455153Z","id":29,"maintenance_date":"2025-06-17T00:00:00Z","unnamed_0":"2022 COROLLA","unnamed_1":"67","unnamed_10":"2023","unnamed_11":null,"unnamed_12":null,"unnamed_13":null,"unnamed_2":"AOC","unnamed_3":"17768","unnamed_4":"23190","unnamed_5":"27768","unnamed_6":null,"unnamed_7":"4578","unnamed_8":"10000","unnamed_9":null,"updated_at":"2025-06-17T07:00:18.455153Z"},
{"created_at":"2025-06-17T07:00:18.455153Z","id":30,"maintenance_date":"2025-06-17T00:00:00Z","unnamed_0":"2022 RAM","unnamed_1":"68","unnamed_10":"2022","unnamed_11":null,"unnamed_12":null,"unnamed_13":null,"unnamed_2":"MAIN OFFICE","unnamed_3":"6043","unnamed_4":"8041","unnamed_5":"16043","unnamed_6":null,"unnamed_7":"8002","unnamed_8":"10000","unnamed_9":" ","updated_at":"2025-06-17T07:00:18.455153Z"},
{"created_at":"2025-06-17T07:00:18.455153Z","id":31,"maintenance_date":"2025-06-17T00:00:00Z","unnamed_0":"2022 COROLLA","unnamed_1":"69","unnamed_10":"2022","unnamed_11":null,"unnamed_12":null,"unnamed_13":null,"unnamed_2":"AOC","unnamed_3":"11105","unnamed_4":"13761","unnamed_5":"21105","unnamed_6":null,"unnamed_7":"7344","unnamed_8":"10000","unnamed_9":null,"updated_at":"2025-06-17T07:00:18.455153Z"},
{"created_at":"2025-06-17T07:00:18.455153Z","id":32,"maintenance_date":"2025-06-17T00:00:00Z","unnamed_0":"2022 RAV 4","unnamed_1":"70","unnamed_10":"2022","unnamed_11":null,"unnamed_12":null,"unnamed_13":null,"unnamed_2":"CCR\u0026R","unnamed_3":"12393","unnamed_4":"13346","unnamed_5":"22393","unnamed_6":null,"unnamed_7":"9047","unnamed_8":"10000","unnamed_9":null,"updated_at":"2025-06-17T07:00:18.455153Z"},
{"created_at":"2025-06-17T07:00:18.455153Z","id":33,"maintenance_date":"2025-06-17T00:00:00Z","unnamed_0":"2022 COROLLA","unnamed_1":"71","unnamed_10":"2022","unnamed_11":null,"unnamed_12":null,"unnamed_13":null,"unnamed_2":"MAIN OFFICE","unnamed_3":"8012","unnamed_4":"10602","unnamed_5":"18012","unnamed_6":null,"unnamed_7":"7410","unnamed_8":"10000","unnamed_9":null,"updated_at":"2025-06-17T07:00:18.455153Z"},
{"created_at":"2025-06-17T07:00:18.455153Z","id":34,"maintenance_date":"2025-06-17T00:00:00Z","unnamed_0":"2022 SIENNA","unnamed_1":"72","unnamed_10":"2022","unnamed_11":null,"unnamed_12":null,"unnamed_13":null,"unnamed_2":"AWDC","unnamed_3":"309","unnamed_4":"3942","unnamed_5":"10309","unnamed_6":null,"unnamed_7":"6367","unnamed_8":"10000","unnamed_9":null,"updated_at":"2025-06-17T07:00:18.455153Z"},
{"created_at":"2025-06-17T07:00:18.455153Z","id":35,"maintenance_date":"2025-06-17T00:00:00Z","unnamed_0":"2024 COROLLA","unnamed_1":"73","unnamed_10":"2022","unnamed_11":null,"unnamed_12":null,"unnamed_13":null,"unnamed_2":"MAIN OFFICE","unnamed_3":"28119","unnamed_4":"30230","unnamed_5":"38119","unnamed_6":null,"unnamed_7":"7889","unnamed_8":"10000","unnamed_9":null,"updated_at":"2025-06-17T07:00:18.455153Z"},
{"created_at":"2025-06-17T07:00:18.455153Z","id":36,"maintenance_date":"2025-06-17T00:00:00Z","unnamed_0":"2023 TUNDRA","unnamed_1":"74","unnamed_10":"2022","unnamed_11":null,"unnamed_12":null,"unnamed_13":null,"unnamed_2":"MAIN OFFICE","unnamed_3":"23462","unnamed_4":"24037","unnamed_5":"33462","unnamed_6":null,"unnamed_7":"9425","unnamed_8":"10000","unnamed_9":null,"updated_at":"2025-06-17T07:00:18.455153Z"},
{"created_at":"2025-06-17T07:00:18.455153Z","id":37,"maintenance_date":"2025-06-17T00:00:00Z","unnamed_0":null,"unnamed_1":"75","unnamed_10":"2023","unnamed_11":null,"unnamed_12":null,"unnamed_13":null,"unnamed_2":"AOC","unnamed_3":"10536","unnamed_4":"11493","unnamed_5":"20536","unnamed_6":" ","unnamed_7":"9043","unnamed_8":"10000","unnamed_9":null,"updated_at":"2025-06-17T07:00:18.455153Z"},
{"created_at":"2025-06-17T07:00:18.455153Z","id":38,"maintenance_date":"2025-06-17T00:00:00Z","unnamed_0":"OLD OUT OF SERVICE","unnamed_1":null,"unnamed_10":null,"unnamed_11":null,"unnamed_12":null,"unnamed_13":" ","unnamed_2":null,"unnamed_3":null,"unnamed_4":null,"unnamed_5":null,"unnamed_6":null,"unnamed_7":null,"unnamed_8":null,"unnamed_9":null,"updated_at":"2025-06-17T07:00:18.455153Z"},
{"created_at":"2025-06-17T07:00:18.455153Z","id":39,"maintenance_date":"2025-06-17T00:00:00Z","unnamed_0":"2008 CHEVY EXSPRESS","unnamed_1":null,"unnamed_10":null,"unnamed_11":null,"unnamed_12":null,"unnamed_13":null,"unnamed_2":null,"unnamed_3":null,"unnamed_4":null,"unnamed_5":null,"unnamed_6":null,"unnamed_7":null,"unnamed_8":null,"unnamed_9":null,"updated_at":"2025-06-17T07:00:18.455153Z"},
{"created_at":"2025-06-17T07:00:18.455153Z","id":40,"maintenance_date":"2025-06-17T00:00:00Z","unnamed_0":"2012 CHEVY THOMAS","unnamed_1":"BUSSES","unnamed_10":null,"unnamed_11":null,"unnamed_12":null,"unnamed_13":null,"unnamed_2":null,"unnamed_3":null,"unnamed_4":null,"unnamed_5":null,"unnamed_6":null,"unnamed_7":"0","unnamed_8":null,"unnamed_9":null,"updated_at":"2025-06-17T07:00:18.455153Z"},
{"created_at":"2025-06-17T07:00:18.455153Z","id":41,"maintenance_date":"2025-06-17T00:00:00Z","unnamed_0":"2012 CHEVY THOMAS","unnamed_1":"15-1","unnamed_10":null,"unnamed_11":null,"unnamed_12":null,"unnamed_13":null,"unnamed_2":null,"unnamed_3":"14280","unnamed_4":"16243","unnamed_5":"19243","unnamed_6":null,"unnamed_7":"3000","unnamed_8":"10000","unnamed_9":null,"updated_at":"2025-06-17T07:00:18.455153Z"},
{"created_at":"2025-06-17T07:00:18.455153Z","id":42,"maintenance_date":"2025-06-17T00:00:00Z","unnamed_0":"2015 CHEVY THOMAS","unnamed_1":"18","unnamed_10":null,"unnamed_11":null,"unnamed_12":null,"unnamed_13":null,"unnamed_2":"CWELC","unnamed_3":"104118","unnamed_4":"109236","unnamed_5":"105118","unnamed_6":null,"unnamed_7":"-4118","unnamed_8":"10000","unnamed_9":null,"updated_at":"2025-06-17T07:00:18.455153Z"},
{"created_at":"2025-06-17T07:00:18.455153Z","id":43,"maintenance_date":"2025-06-17T00:00:00Z","unnamed_0":"2016 CHEVY THOMAS","unnamed_1":"20","unnamed_10":null,"unnamed_11":null,"unnamed_12":null,"unnamed_13":null,"unnamed_2":"SPARE","unnamed_3":"60689","unnamed_4":"64628","unnamed_5":"70698","unnamed_6":null,"unnamed_7":"6070","unnamed_8":"10000","unnamed_9":null,"updated_at":"2025-06-17T07:00:18.455153Z"},
{"created_at":"2025-06-17T07:00:18.455153Z","id":44,"maintenance_date":"2025-06-17T00:00:00Z","unnamed_0":"2017 STARCRAFT","unnamed_1":"21","unnamed_10":null,"unnamed_11":null,"unnamed_12":null,"unnamed_13":null,"unnamed_2":"SPARE","unnamed_3":"66631","unnamed_4":"66895","unnamed_5":"79931","unnamed_6":null,"unnamed_7":"13036","unnamed_8":"10000","unnamed_9":null,"updated_at":"2025-06-17T07:00:18.455153Z"},
{"created_at":"2025-06-17T07:00:18.455153Z","id":45,"maintenance_date":"2025-06-17T00:00:00Z","unnamed_0":"2017 STARCRAFT","unnamed_1":"22","unnamed_10":null,"unnamed_11":null,"unnamed_12":null,"unnamed_13":null,"unnamed_2":"SPARE","unnamed_3":"50945","unnamed_4":"55880","unnamed_5":"60945","unnamed_6":null,"unnamed_7":"5065","unnamed_8":"10000","unnamed_9":null,"updated_at":"2025-06-17T07:00:18.455153Z"},
{"created_at":"2025-06-17T07:00:18.455153Z","id":46,"maintenance_date":"2025-06-17T00:00:00Z","unnamed_0":"2020 STARCRAFT","unnamed_1":"23","unnamed_10":"32680","unnamed_11":"58.95","unnamed_12":null,"unnamed_13":null,"unnamed_2":"UMATILLA","unnamed_3":"45000","unnamed_4":"45244","unnamed_5":"55000","unnamed_6":" ","unnamed_7":"9756","unnamed_8":"10000","unnamed_9":null,"updated_at":"2025-06-17T07:00:18.455153Z"},
{"created_at":"2025-06-17T07:00:18.455153Z","id":47,"maintenance_date":"2025-06-17T00:00:00Z","unnamed_0":"2021 MAGELLAN","unnamed_1":"24","unnamed_10":null,"unnamed_11":null,"unnamed_12":null,"unnamed_13":" ","unnamed_2":"ROCKY(WRECKED)","unnamed_3":"22533","unnamed_4":"29162","unnamed_5":"31533","unnamed_6":null,"unnamed_7":"2371","unnamed_8":"10000","unnamed_9":null,"updated_at":"2025-06-17T07:00:18.455153Z"},
{"created_at":"2025-06-17T07:00:18.455153Z","id":48,"maintenance_date":"2025-06-17T00:00:00Z","unnamed_0":"2022 MAGELLAN","unnamed_1":"25","unnamed_10":null,"unnamed_11":null,"unnamed_12":null,"unnamed_13":null,"unnamed_2":"PEND","unnamed_3":"32801","unnamed_4":"35790","unnamed_5":"43801","unnamed_6":null,"unnamed_7":"8011","unnamed_8":"10000","unnamed_9":null,"updated_at":"2025-06-17T07:00:18.455153Z"},
{"created_at":"2025-06-17T07:00:18.455153Z","id":49,"maintenance_date":"2025-06-17T00:00:00Z","unnamed_0":"2022 MAGELLAN","unnamed_1":"26","unnamed_10":"due","unnamed_11":null,"unnamed_12":null,"unnamed_13":null,"unnamed_2":"JOHN DAY","unnamed_3":"18276","unnamed_4":"18276","unnamed_5":"19276","unnamed_6":" ","unnamed_7":"1000","unnamed_8":"10000","unnamed_9":null,"updated_at":"2025-06-17T07:00:18.455153Z"},
{"created_at":"2025-06-17T07:00:18.455153Z","id":50,"maintenance_date":"2025-06-17T00:00:00Z","unnamed_0":"2022 MAGELLAN","unnamed_1":"52","unnamed_10":null,"unnamed_11":null,"unnamed_12":null,"unnamed_13":null,"unnamed_2":"AIRPORT WAY","unnamed_3":"11600","unnamed_4":"20191","unnamed_5":"21600","unnamed_6":null,"unnamed_7":"1409","unnamed_8":"10000","unnamed_9":null,"updated_at":"2025-06-17T07:00:18.455153Z"},
{"created_at":"2025-06-17T07:00:18.455153Z","id":51,"maintenance_date":"2025-06-17T00:00:00Z","unnamed_0":"2015 CHEVY EXSPRESS","unnamed_1":"58","unnamed_10":null,"unnamed_11":null,"unnamed_12":null,"unnamed_13":null,"unnamed_2":"IRRIGON","unnamed_3":"9918","unnamed_4":"9851","unnamed_5":"19918","unnamed_6":null,"unnamed_7":"10067","unnamed_8":"10000","unnamed_9":null,"updated_at":"2025-06-17T07:00:18.455153Z"},
{"created_at":"2025-06-17T07:00:18.455153Z","id":52,"maintenance_date":"2025-06-17T00:00:00Z","unnamed_0":null,"unnamed_1":"59","unnamed_10":null,"unnamed_11":null,"unnamed_12":null,"unnamed_13":null,"unnamed_2":"BOARDMAN","unnamed_3":"8910","unnamed_4":"15386","unnamed_5":"18910","unnamed_6":null,"unnamed_7":"3524","unnamed_8":"10000","unnamed_9":null,"updated_at":"2025-06-17T07:00:18.455153Z"},
{"created_at":"2025-06-17T07:00:18.455153Z","id":53,"maintenance_date":"2025-06-17T00:00:00Z","unnamed_0":null,"unnamed_1":"60","unnamed_10":null,"unnamed_11":null,"unnamed_12":null,"unnamed_13":null,"unnamed_2":"VICTORY/APW","unnamed_3":"8874","unnamed_4":"13721","unnamed_5":"18874","unnamed_6":null,"unnamed_7":"5153","unnamed_8":"10000","unnamed_9":null,"updated_at":"2025-06-17T07:00:18.455153Z"},
{"created_at":"2025-06-17T07:00:18.455153Z","id":54,"maintenance_date":"2025-06-17T00:00:00Z","unnamed_0":null,"unnamed_1":"15","unnamed_10":null,"unnamed_11":null,"unnamed_12":null,"unnamed_13":null,"unnamed_2":"14280","unnamed_3":"16243","unnamed_4":"19243","unnamed_5":null,"unnamed_6":null,"unnamed_7":null,"unnamed_8":null,"unnamed_9":null,"updated_at":"2025-06-17T07:00:18.455153Z"},
{"created_at":"2025-06-17T07:00:18.455153Z","id":55,"maintenance_date":"2025-06-17T00:00:00Z","unnamed_0":null,"unnamed_1":null,"unnamed_10":null,"unnamed_11":null,"unnamed_12":null,"unnamed_13":null,"unnamed_2":null,"unnamed_3":null,"unnamed_4":"last mileage","unnamed_5":null,"unnamed_6":null,"unnamed_7":null,"unnamed_8":null,"unnamed_9":null,"updated_at":"2025-06-17T07:00:18.455153Z"}
]