[
{"base":"UMATILLA","created_at":"2025-06-13T18:05:52.01262Z","current_mileage":0,"description":"CHEV. CARPENTER","id":7,"import_id":null,"last_oil_change":0,"last_tire_service":0,"license":"E187286","maintenance_notes":"","model":"","oil_status":"good","serial_number":"1GDHG31KXR5F09423","service_interval":5000,"status":"out_of_service","tire_size":"LT225/75R16","tire_status":"good","updated_at":"2025-06-26T22:42:13.73876Z","vehicle_id":"11","year":"1994"},
{"base":"MILTON FREEWATER","created_at":"2025-06-13T18:05:52.017007Z","current_mileage":0,"description":"CHEVROLET","id":8,"import_id":null,"last_oil_change":0,"last_tire_service":0,"license":"E192396","maintenance_notes":"","model":"","oil_status":"good","serial_number":"1GBHG31KXSF149584","service_interval":5000,"status":"out_of_service","tire_size":"LT225/75R16","tire_status":"good","updated_at":"2025-06-26T22:42:19.461145Z","vehicle_id":"12","year":"1995"},
{"base":"HERMISTON BUS BARN","created_at":"2025-06-13T18:05:51.988391Z","current_mileage":0,"description":"CHEVROLET","id":3,"import_id":null,"last_oil_change":0,"last_tire_service":0,"license":"E178706","maintenance_notes":"","model":"","oil_status":"good","serial_number":"2GBHG31K6M4109902","service_interval":5000,"status":"out_of_service","tire_size":"LT225/75R16","tire_status":"good","updated_at":"2025-06-26T22:42:55.506706Z","vehicle_id":"4","year":"1991"},
{"base":"VICTORY SQUARE","created_at":"2025-06-13T18:05:52.028494Z","current_mileage":0,"description":"CHEVROLET","id":9,"import_id":null,"last_oil_change":0,"last_tire_service":0,"license":"E207393","maintenance_notes":"","model":"","oil_status":"good","serial_number":"1GBG7T1D4XJ103850","service_interval":5000,"status":"out_of_service","tire_size":"LT235/80R225","tire_status":"good","updated_at":"2025-06-26T22:43:28.707845Z","vehicle_id":"13","year":"1999"},
{"base":"HERMISTON 1 \u0026 II","created_at":"2025-06-13T18:05:51.983012Z","current_mileage":0,"description":"CHEV G-30","id":2,"import_id":null,"last_oil_change":0,"last_tire_service":0,"license":"E178705","maintenance_notes":"","model":"","oil_status":"good","serial_number":"2GBHG31K6M4108670","service_interval":5000,"status":"out_of_service","tire_size":"LT225/75R16","tire_status":"good","updated_at":"2025-06-26T22:43:38.462764Z","vehicle_id":"2","year":"1991"},
{"base":"HERMISTON MAIN OFFICE","created_at":"2025-06-13T18:05:52.483169Z","current_mileage":0,"description":"CHEVROLET","id":72,"import_id":null,"last_oil_change":0,"last_tire_service":0,"license":"E214974","maintenance_notes":"","model":"","oil_status":"overdue","serial_number":"1GCEK1W51Z108261","service_interval":5000,"status":"out_of_service","tire_size":"LT225/75R16","tire_status":"replace","updated_at":"2025-06-26T22:43:48.411994Z","vehicle_id":"01 PICKUP","year":"2001"},
{"base":"nan","created_at":"2025-06-13T18:05:52.036478Z","current_mileage":0,"description":"TRAVELING SCHOOL BUS","id":10,"import_id":null,"last_oil_change":0,"last_tire_service":0,"license":"E163676","maintenance_notes":"","model":"","oil_status":"overdue","serial_number":"1FDJE34H9KHA65307","service_interval":5000,"status":"out_of_service","tire_size":"LT235/85R16","tire_status":"replace","updated_at":"2025-06-26T22:43:54.997087Z","vehicle_id":"1","year":"1989"},
{"base":"UMATILLA","created_at":"2025-06-13T18:05:52.132392Z","current_mileage":0,"description":"CHEVEROLET-STARCRAFT","id":17,"import_id":null,"last_oil_change":0,"last_tire_service":0,"license":"","maintenance_notes":"Test update - 2025-07-01 16:31:30.523252+00","model":"","oil_status":"good","serial_number":"1HA6GUB73NN008395","service_interval":5000,"status":"active","tire_size":"nan","tire_status":"good","updated_at":"2025-07-01T16:31:30.523252Z","vehicle_id":"58","year":"2022"},
{"base":"JOHN DAY","created_at":"2025-06-13T18:05:52.046574Z","current_mileage":0,"description":"CHEVROLET -THOMAS BUILT","id":11,"import_id":null,"last_oil_change":0,"last_tire_service":0,"license":"SC08643","maintenance_notes":"","model":"","oil_status":"good","serial_number":"1GB3GRBG8G1285840","service_interval":5000,"status":"active","tire_size":"225/75R 16","tire_status":"good","updated_at":"2025-06-25T16:37:26.431321Z","vehicle_id":"23","year":"2017"},
{"base":"BOARDMAN","created_at":"2025-06-13T18:05:52.064277Z","current_mileage":0,"description":"CHEVEROLET-STARCRAFT","id":12,"import_id":null,"last_oil_change":0,"last_tire_service":0,"license":"SC 09099","maintenance_notes":"","model":"","oil_status":"good","serial_number":"IHA3GRBGIHN004737","service_interval":5000,"status":"active","tire_size":"nan","tire_status":"good","updated_at":"2025-06-25T16:37:26.431321Z","vehicle_id":"24","year":"2017"},
{"base":"UMATILLA","created_at":"2025-06-13T18:05:51.977815Z","current_mileage":0,"description":"CHEVEROLET-STARCRAFT","id":1,"import_id":null,"last_oil_change":0,"last_tire_service":0,"license":"SC 09100","maintenance_notes":"","model":"","oil_status":"good","serial_number":"IHA3GRBG9HN004713","service_interval":5000,"status":"active","tire_size":"nan","tire_status":"good","updated_at":"2025-06-25T16:37:26.431321Z","vehicle_id":"25","year":"2017"},
{"base":"JOHN DAY","created_at":"2025-06-13T18:05:52.107316Z","current_mileage":0,"description":"CHEVEROLET-STARCRAFT","id":15,"import_id":null,"last_oil_change":0,"last_tire_service":0,"license":"","maintenance_notes":"","model":"","oil_status":"good","serial_number":"","service_interval":5000,"status":"active","tire_size":"nan","tire_status":"good","updated_at":"2025-06-25T16:37:26.431321Z","vehicle_id":"26","year":"2020"},
{"base":"UMATILLA","created_at":"2025-06-13T18:05:52.117031Z","current_mileage":0,"description":"CHEVEROLET-STARCRAFT","id":16,"import_id":null,"last_oil_change":0,"last_tire_service":0,"license":"","maintenance_notes":"","model":"","oil_status":"good","serial_number":"1HA6GUBG3LN010984","service_interval":5000,"status":"active","tire_size":"nan","tire_status":"good","updated_at":"2025-06-25T16:37:26.431321Z","vehicle_id":"52","year":"2020"},
{"base":"BOARDMAN","created_at":"2025-06-13T18:05:52.13714Z","current_mileage":0,"description":"CHEVEROLET-STARCRAFT","id":18,"import_id":null,"last_oil_change":0,"last_tire_service":0,"license":"","maintenance_notes":"","model":"","oil_status":"good","serial_number":"1HA6GUB77NN009226","service_interval":5000,"status":"active","tire_size":"nan","tire_status":"good","updated_at":"2025-06-25T16:37:26.431321Z","vehicle_id":"59","year":"2022"},
{"base":"AIRPORT WAY- HERMISTON","created_at":"2025-06-13T18:05:52.141525Z","current_mileage":0,"description":"CHEVEROLET-STARCRAFT","id":19,"import_id":null,"last_oil_change":0,"last_tire_service":0,"license":"","maintenance_notes":"","model":"","oil_status":"good","serial_number":"1HA6GUB72NN009134","service_interval":5000,"status":"active","tire_size":"nan","tire_status":"good","updated_at":"2025-06-25T16:37:26.431321Z","vehicle_id":"60","year":"2022"},
{"base":"CATHT WAMSLEY - HERMISTON","created_at":"2025-06-13T18:05:52.10358Z","current_mileage":0,"description":"CHEVEROLET EXPRESS 3500","id":14,"import_id":null,"last_oil_change":0,"last_tire_service":0,"license":"SC08159","maintenance_notes":"","model":"","oil_status":"good","serial_number":"1GB6G5BG2F1108379","service_interval":5000,"status":"active","tire_size":"nan","tire_status":"good","updated_at":"2025-06-25T16:37:26.431321Z","vehicle_id":"61","year":"2015"},
{"base":"JOHN DAY","created_at":"2025-06-13T18:05:51.996595Z","current_mileage":0,"description":"CHEVROLET MIDCO","id":5,"import_id":null,"last_oil_change":0,"last_tire_service":0,"license":"E178720","maintenance_notes":"","model":"","oil_status":"good","serial_number":"2GBHG31KOM4115386","service_interval":5000,"status":"active","tire_size":"LT225/75R16","tire_status":"good","updated_at":"2025-06-25T16:37:26.431321Z","vehicle_id":"7","year":"1991"},
{"base":"HERMISTON I \u0026 II","created_at":"2025-06-13T18:05:52.008795Z","current_mileage":0,"description":"CHEVROLET MIDCO","id":6,"import_id":null,"last_oil_change":0,"last_tire_service":0,"license":"E178707","maintenance_notes":"","model":"","oil_status":"good","serial_number":"2GBHG31K6M4109930","service_interval":5000,"status":"active","tire_size":"LT225/75R16","tire_status":"good","updated_at":"2025-06-25T16:37:26.431321Z","vehicle_id":"8","year":"1991"},
{"base":"PENDLETON   (spare)","created_at":"2025-06-13T18:05:51.992425Z","current_mileage":0,"description":"CHEVROLET MIDCO","id":4,"import_id":null,"last_oil_change":0,"last_tire_service":0,"license":"E175134","maintenance_notes":"","model":"","oil_status":"good","serial_number":"2GBHG31J6L4131890","service_interval":5000,"status":"active","tire_size":"LT225/75R16","tire_status":"good","updated_at":"2025-06-26T22:44:34.150858Z","vehicle_id":"6","year":"1990"},
{"base":"BUS BARN","created_at":"2025-06-13T18:05:52.167717Z","current_mileage":0,"description":"MOWER TRAILER","id":25,"import_id":null,"last_oil_change":0,"last_tire_service":0,"license":"nan","maintenance_notes":"","model":"","oil_status":"good","serial_number":"nan","service_interval":5000,"status":"active","tire_size":"","tire_status":"good","updated_at":"2025-06-25T16:37:26.431321Z","vehicle_id":"BLACK","year":"nan"},
{"base":"AWDC","created_at":"2025-06-13T18:05:52.405309Z","current_mileage":0,"description":"BLUE","id":58,"import_id":null,"last_oil_change":0,"last_tire_service":0,"license":"608 NVZ","maintenance_notes":"","model":"","oil_status":"good","serial_number":"JTDS4MCE4N3512524","service_interval":5000,"status":"active","tire_size":"","tire_status":"good","updated_at":"2025-06-25T16:37:26.431321Z","vehicle_id":"BLUE","year":"2022"},
{"base":"MILTON FREEWATER","created_at":"2025-06-13T18:05:52.461095Z","current_mileage":0,"description":"DODGE","id":70,"import_id":null,"last_oil_change":0,"last_tire_service":0,"license":"E197335","maintenance_notes":"","model":"","oil_status":"good","serial_number":"2B4FP25B8TR817123","service_interval":5000,"status":"active","tire_size":"195/75R-14","tire_status":"good","updated_at":"2025-06-25T16:37:26.431321Z","vehicle_id":"BLU VAN","year":"1996"},
{"base":"PENDLETON","created_at":"2025-06-13T18:05:52.223105Z","current_mileage":0,"description":"TOYOTA CAMRY - HF","id":30,"import_id":null,"last_oil_change":0,"last_tire_service":0,"license":"832 KKF","maintenance_notes":"","model":"","oil_status":"good","serial_number":"JTNB111HK6J3045733","service_interval":5000,"status":"active","tire_size":"","tire_status":"good","updated_at":"2025-06-25T16:37:26.431321Z","vehicle_id":"BROWN","year":"2018"},
{"base":"MAIN OFFICE","created_at":"2025-06-13T18:05:52.366093Z","current_mileage":0,"description":"TOYOTA COROLLA","id":50,"import_id":null,"last_oil_change":0,"last_tire_service":0,"license":"nan","maintenance_notes":"","model":"","oil_status":"good","serial_number":"JTDEAMDE7N300761","service_interval":5000,"status":"active","tire_size":"","tire_status":"good","updated_at":"2025-06-25T16:37:26.431321Z","vehicle_id":"CELESTIAL BLUE","year":"2022"},
{"base":"HERMISTON CDC","created_at":"2025-06-13T18:05:52.312914Z","current_mileage":0,"description":"CHARCOAL FUSION - TYPE 10","id":41,"import_id":null,"last_oil_change":0,"last_tire_service":0,"license":"403EJM","maintenance_notes":"","model":"","oil_status":"good","serial_number":"3FAHP07136R103361","service_interval":5000,"status":"active","tire_size":"PINE TREE","tire_status":"good","updated_at":"2025-06-25T16:37:26.431321Z","vehicle_id":"CHARCOAL","year":"2006"},
{"base":"ENTERPRISE","created_at":"2025-06-13T18:05:52.231347Z","current_mileage":0,"description":"TOYOTA RAV4- AQUA","id":32,"import_id":null,"last_oil_change":0,"last_tire_service":0,"license":"nan","maintenance_notes":"","model":"","oil_status":"good","serial_number":"JTMRJREVXJD162354","service_interval":5000,"status":"active","tire_size":"","tire_status":"good","updated_at":"2025-06-25T16:37:26.431321Z","vehicle_id":"DARK BLUE/AQUA","year":"2018"},
{"base":"BUS BARN","created_at":"2025-06-13T18:05:52.154347Z","current_mileage":0,"description":"NEW DODGE PU 1500","id":22,"import_id":null,"last_oil_change":0,"last_tire_service":0,"license":"776GHU","maintenance_notes":"","model":"","oil_status":"good","serial_number":"3C6JR7DG3DG568097","service_interval":5000,"status":"active","tire_size":"265/70/R17","tire_status":"good","updated_at":"2025-06-25T16:37:26.431321Z","vehicle_id":"Dodge PU","year":"2013"},
{"base":"WALLOWA","created_at":"2025-06-13T18:05:52.342416Z","current_mileage":0,"description":"TOYOTA SIENNA VAN - TYPE 10","id":45,"import_id":null,"last_oil_change":0,"last_tire_service":0,"license":"231EGK","maintenance_notes":"","model":"","oil_status":"good","serial_number":"5TDZK23C295229213","service_interval":5000,"status":"active","tire_size":"","tire_status":"good","updated_at":"2025-06-25T16:37:26.431321Z","vehicle_id":"GOLD","year":"2009"},
{"base":"AOC","created_at":"2025-06-13T18:05:52.149826Z","current_mileage":0,"description":"WHITE","id":21,"import_id":null,"last_oil_change":0,"last_tire_service":0,"license":"173 PDK","maintenance_notes":"","model":"","oil_status":"good","serial_number":"5TFKB5GD9PX001996","service_interval":5000,"status":"active","tire_size":"","tire_status":"good","updated_at":"2025-06-25T16:37:26.431321Z","vehicle_id":"GRAY","year":"2022"},
{"base":"HCSR","created_at":"2025-06-13T18:05:52.163159Z","current_mileage":0,"description":"TOYOTA COROLLA","id":24,"import_id":null,"last_oil_change":0,"last_tire_service":0,"license":"017JBH","maintenance_notes":"","model":"","oil_status":"good","serial_number":"5YFBURHEXGP452376","service_interval":5000,"status":"active","tire_size":"","tire_status":"good","updated_at":"2025-06-25T16:37:26.431321Z","vehicle_id":"GREY","year":"2016"},
{"base":"BUS BARN","created_at":"2025-06-13T18:05:52.144926Z","current_mileage":0,"description":"DODGE","id":20,"import_id":null,"last_oil_change":0,"last_tire_service":0,"license":"E182876","maintenance_notes":"","model":"","oil_status":"good","serial_number":"2B4GH25K4RR509330","service_interval":5000,"status":"active","tire_size":"205/75R14","tire_status":"good","updated_at":"2025-06-25T16:37:26.431321Z","vehicle_id":"GRN VAN","year":"1994"},
{"base":"WIC","created_at":"2025-06-13T18:05:52.347062Z","current_mileage":0,"description":"TOYOTA HIGHLANDER - TYPE 10","id":46,"import_id":null,"last_oil_change":0,"last_tire_service":0,"license":"SILVER","maintenance_notes":"","model":"","oil_status":"good","serial_number":"5TDBK3EH8AS027254","service_interval":5000,"status":"active","tire_size":"","tire_status":"good","updated_at":"2025-06-25T16:37:26.431321Z","vehicle_id":"HIGHLANDER","year":"2010"},
{"base":"PENDLETON","created_at":"2025-06-13T18:05:52.469515Z","current_mileage":0,"description":"DODGE","id":71,"import_id":null,"last_oil_change":0,"last_tire_service":0,"license":"E207360","maintenance_notes":"","model":"","oil_status":"good","serial_number":"1B4GP44G8WB733626","service_interval":5000,"status":"active","tire_size":"P215/65R15","tire_status":"good","updated_at":"2025-06-25T16:37:26.431321Z","vehicle_id":"IRIS VAN","year":"1998"},
{"base":"nan","created_at":"2025-06-13T18:05:52.426132Z","current_mileage":0,"description":"TOYOTA SIENNA","id":64,"import_id":null,"last_oil_change":0,"last_tire_service":0,"license":"nan","maintenance_notes":"","model":"","oil_status":"good","serial_number":"JTMRJREVXJD162354","service_interval":5000,"status":"active","tire_size":"","tire_status":"good","updated_at":"2025-06-25T16:37:26.431321Z","vehicle_id":"nan","year":"2020"},
{"base":"MAIN OFFICE","created_at":"2025-06-13T18:05:52.362181Z","current_mileage":0,"description":"PEARL COROLLA","id":49,"import_id":null,"last_oil_change":0,"last_tire_service":0,"license":"nan","maintenance_notes":"","model":"","oil_status":"good","serial_number":"nan","service_interval":5000,"status":"active","tire_size":"","tire_status":"good","updated_at":"2025-06-25T16:37:26.431321Z","vehicle_id":"PEARL- WHITE","year":"2021"},
{"base":"HCSR","created_at":"2025-06-13T18:05:52.158201Z","current_mileage":0,"description":"NISSAN VERSA","id":23,"import_id":null,"last_oil_change":0,"last_tire_service":0,"license":"090JQY","maintenance_notes":"","model":"","oil_status":"good","serial_number":"","service_interval":5000,"status":"active","tire_size":"","tire_status":"good","updated_at":"2025-06-25T16:37:26.431321Z","vehicle_id":"red","year":"2014"},
{"base":"PINE TREE","created_at":"2025-06-13T18:05:52.338099Z","current_mileage":0,"description":"HYUNDAI ACCENT","id":44,"import_id":null,"last_oil_change":0,"last_tire_service":0,"license":"605 CYP","maintenance_notes":"","model":"","oil_status":"good","serial_number":"KMT1CG35C13U256931","service_interval":5000,"status":"active","tire_size":"studs:","tire_status":"good","updated_at":"2025-06-25T16:37:26.431321Z","vehicle_id":"RED","year":"2003"},
{"base":"MAIN OFFICE","created_at":"2025-06-13T18:05:52.2489Z","current_mileage":0,"description":"FORD FOCUS","id":35,"import_id":null,"last_oil_change":0,"last_tire_service":0,"license":"E228130","maintenance_notes":"","model":"","oil_status":"good","serial_number":"1FAFP34364W153728","service_interval":5000,"status":"active","tire_size":"195/60R15","tire_status":"good","updated_at":"2025-06-25T16:37:26.431321Z","vehicle_id":"SILVER","year":"2004"},
{"base":"HIGHLAND HOUSE","created_at":"2025-06-13T18:05:52.487596Z","current_mileage":0,"description":"FORD VAN","id":73,"import_id":null,"last_oil_change":0,"last_tire_service":0,"license":"E225609","maintenance_notes":"","model":"","oil_status":"good","serial_number":"1FTFE24N4LHB81722","service_interval":5000,"status":"active","tire_size":"LT235/75R16","tire_status":"good","updated_at":"2025-06-25T16:37:26.431321Z","vehicle_id":"SILVER BULLET","year":"1990"},
{"base":"HERMISTON MAIN OFFICE","created_at":"2025-06-13T18:05:52.326455Z","current_mileage":0,"description":"DODGE","id":42,"import_id":null,"last_oil_change":0,"last_tire_service":0,"license":"E223113","maintenance_notes":"","model":"","oil_status":"good","serial_number":"1B4GP34372B690723","service_interval":5000,"status":"active","tire_size":"P215/70R15","tire_status":"good","updated_at":"2025-06-25T16:37:26.431321Z","vehicle_id":"SILVER VAN","year":"2002"},
{"base":"NELC","created_at":"2025-06-13T18:05:52.210272Z","current_mileage":0,"description":"TOYOTA CAMRY- TYPE-10","id":29,"import_id":null,"last_oil_change":0,"last_tire_service":0,"license":"659 KGF","maintenance_notes":"","model":"","oil_status":"good","serial_number":"4T1B11HK6J023841","service_interval":5000,"status":"active","tire_size":"","tire_status":"good","updated_at":"2025-06-25T16:37:26.431321Z","vehicle_id":"SLATE","year":"2018"},
{"base":"WIC","created_at":"2025-06-13T18:05:52.432808Z","current_mileage":0,"description":"FORD FUSION-4 DR. SEDAN","id":66,"import_id":null,"last_oil_change":0,"last_tire_service":0,"license":"680EET","maintenance_notes":"","model":"","oil_status":"good","serial_number":"3FAHP07Z29R200996","service_interval":5000,"status":"active","tire_size":"studs:","tire_status":"good","updated_at":"2025-06-25T16:37:26.431321Z","vehicle_id":"white","year":"2009"},
{"base":"PENDLETON","created_at":"2025-06-13T18:05:52.173225Z","current_mileage":0,"description":"FORD CONTOUR","id":26,"import_id":null,"last_oil_change":0,"last_tire_service":0,"license":"E225603","maintenance_notes":"","model":"","oil_status":"good","serial_number":"1FAFP6631WK191490","service_interval":5000,"status":"active","tire_size":"P185/70R14","tire_status":"good","updated_at":"2025-06-25T16:37:26.431321Z","vehicle_id":"WHITE","year":"1998"},
{"base":"MAIN OFFICE","created_at":"2025-06-13T18:05:52.412292Z","current_mileage":0,"description":"WINDCHILL","id":60,"import_id":null,"last_oil_change":0,"last_tire_service":0,"license":"221 NWF","maintenance_notes":"","model":"","oil_status":"good","serial_number":"JTDS4MCE7N3513005","service_interval":5000,"status":"active","tire_size":"","tire_status":"good","updated_at":"2025-06-25T16:37:26.431321Z","vehicle_id":"WINDCHILL","year":"2022"}
]