[
{"beginning_miles":0,"bus_id":"BUS3","bus_make":"CHEV","bus_year":2009,"created_at":"2025-07-21T02:52:06.410612Z","ending_miles":0,"id":3407,"license_plate":"SC06694","located_at":"ROCKY HTS.","report_month":"August","report_year":2024,"total_miles":0,"updated_at":"2025-07-21T02:52:06.410612Z","vehicle_id":null},
{"beginning_miles":0,"bus_id":"BUS16","bus_make":"CHEV.","bus_year":2008,"created_at":"2025-07-21T02:52:06.62906Z","ending_miles":0,"id":3408,"license_plate":"SC06568","located_at":"SPARE","report_month":"August","report_year":2024,"total_miles":0,"updated_at":"2025-07-21T02:52:06.62906Z","vehicle_id":null},
{"beginning_miles":0,"bus_id":"BUS17","bus_make":"CHEV.","bus_year":2008,"created_at":"2025-07-21T02:52:06.754038Z","ending_miles":0,"id":3409,"license_plate":"SC06675","located_at":"SPARE","report_month":"August","report_year":2024,"total_miles":0,"updated_at":"2025-07-21T02:52:06.754038Z","vehicle_id":null},
{"beginning_miles":0,"bus_id":"BUS18","bus_make":"CHEV.","bus_year":2008,"created_at":"2025-07-21T02:52:06.886389Z","ending_miles":0,"id":3410,"license_plate":"SC06686","located_at":"SPARE","report_month":"August","report_year":2024,"total_miles":0,"updated_at":"2025-07-21T02:52:06.886389Z","vehicle_id":null},
{"beginning_miles":0,"bus_id":"BUS20","bus_make":"CHEV.","bus_year":2013,"created_at":"2025-07-21T02:52:07.00874Z","ending_miles":0,"id":3411,"license_plate":"SC07832","located_at":"SLATED FOR MILTON","report_month":"August","report_year":2024,"total_miles":0,"updated_at":"2025-07-21T02:52:07.00874Z","vehicle_id":null},
{"beginning_miles":0,"bus_id":"BUS21","bus_make":"CHEV.","bus_year":2013,"created_at":"2025-07-21T02:52:07.124103Z","ending_miles":0,"id":3412,"license_plate":"SC07831","located_at":"SLATED FOR PENDLETON","report_month":"August","report_year":2024,"total_miles":0,"updated_at":"2025-07-21T02:52:07.124103Z","vehicle_id":null},
{"beginning_miles":0,"bus_id":"BUS22","bus_make":"CHEV.","bus_year":2016,"created_at":"2025-07-21T02:52:07.244138Z","ending_miles":0,"id":3413,"license_plate":"SC08190","located_at":"VICTORY SQUARE 2","report_month":"August","report_year":2024,"total_miles":0,"updated_at":"2025-07-21T02:52:07.244138Z","vehicle_id":null},
{"beginning_miles":0,"bus_id":"BUS23","bus_make":"CHEV.","bus_year":2017,"created_at":"2025-07-21T02:52:07.359776Z","ending_miles":0,"id":3414,"license_plate":"SC08643","located_at":"IRRIGON","report_month":"August","report_year":2024,"total_miles":0,"updated_at":"2025-07-21T02:52:07.359776Z","vehicle_id":null},
{"beginning_miles":0,"bus_id":"BUS24","bus_make":"CHEV","bus_year":2017,"created_at":"2025-07-21T02:52:07.479993Z","ending_miles":0,"id":3415,"license_plate":"SC09099","located_at":"BOARDMAN","report_month":"August","report_year":2024,"total_miles":0,"updated_at":"2025-07-21T02:52:07.479993Z","vehicle_id":null},
{"beginning_miles":0,"bus_id":"BUS25","bus_make":"CHEV.","bus_year":2017,"created_at":"2025-07-21T02:52:07.603181Z","ending_miles":0,"id":3416,"license_plate":"SC09100","located_at":"AIRPORT WAY 1","report_month":"August","report_year":2024,"total_miles":0,"updated_at":"2025-07-21T02:52:07.603181Z","vehicle_id":null},
{"beginning_miles":0,"bus_id":"BUS26","bus_make":"CHEV.","bus_year":2020,"created_at":"2025-07-21T02:52:07.728218Z","ending_miles":0,"id":3417,"license_plate":"SC0","located_at":"JOHN DAY","report_month":"August","report_year":2024,"total_miles":0,"updated_at":"2025-07-21T02:52:07.728218Z","vehicle_id":null},
{"beginning_miles":0,"bus_id":"BUS52","bus_make":"CHEV.","bus_year":2021,"created_at":"2025-07-21T02:52:07.85487Z","ending_miles":0,"id":3418,"license_plate":"SC0","located_at":"UMATILLA 1 \u0026 2","report_month":"August","report_year":2024,"total_miles":0,"updated_at":"2025-07-21T02:52:07.85487Z","vehicle_id":null},
{"beginning_miles":0,"bus_id":"BUS3","bus_make":"CHEV","bus_year":2009,"created_at":"2025-07-21T02:52:07.981796Z","ending_miles":0,"id":3419,"license_plate":"SC06694","located_at":"ROCKY HTS.","report_month":"September","report_year":2024,"total_miles":0,"updated_at":"2025-07-21T02:52:07.981796Z","vehicle_id":null},
{"beginning_miles":0,"bus_id":"BUS16","bus_make":"CHEV.","bus_year":2008,"created_at":"2025-07-21T02:52:08.100336Z","ending_miles":0,"id":3420,"license_plate":"SC06568","located_at":"SPARE","report_month":"September","report_year":2024,"total_miles":0,"updated_at":"2025-07-21T02:52:08.100336Z","vehicle_id":null},
{"beginning_miles":0,"bus_id":"BUS17","bus_make":"CHEV.","bus_year":2008,"created_at":"2025-07-21T02:52:08.236268Z","ending_miles":0,"id":3421,"license_plate":"SC06675","located_at":"SPARE","report_month":"September","report_year":2024,"total_miles":0,"updated_at":"2025-07-21T02:52:08.236268Z","vehicle_id":null},
{"beginning_miles":0,"bus_id":"BUS18","bus_make":"CHEV.","bus_year":2008,"created_at":"2025-07-21T02:52:08.356895Z","ending_miles":0,"id":3422,"license_plate":"SC06686","located_at":"SPARE","report_month":"September","report_year":2024,"total_miles":0,"updated_at":"2025-07-21T02:52:08.356895Z","vehicle_id":null},
{"beginning_miles":0,"bus_id":"BUS20","bus_make":"CHEV.","bus_year":2013,"created_at":"2025-07-21T02:52:08.475705Z","ending_miles":0,"id":3423,"license_plate":"SC07832","located_at":"SLATED FOR MILTON","report_month":"September","report_year":2024,"total_miles":0,"updated_at":"2025-07-21T02:52:08.475705Z","vehicle_id":null},
{"beginning_miles":0,"bus_id":"BUS21","bus_make":"CHEV.","bus_year":2013,"created_at":"2025-07-21T02:52:08.595094Z","ending_miles":0,"id":3424,"license_plate":"SC07831","located_at":"SLATED FOR PENDLETON","report_month":"September","report_year":2024,"total_miles":0,"updated_at":"2025-07-21T02:52:08.595094Z","vehicle_id":null},
{"beginning_miles":0,"bus_id":"BUS22","bus_make":"CHEV.","bus_year":2016,"created_at":"2025-07-21T02:52:08.726003Z","ending_miles":0,"id":3425,"license_plate":"SC08190","located_at":"VICTORY SQUARE 2","report_month":"September","report_year":2024,"total_miles":0,"updated_at":"2025-07-21T02:52:08.726003Z","vehicle_id":null},
{"beginning_miles":0,"bus_id":"BUS23","bus_make":"CHEV.","bus_year":2017,"created_at":"2025-07-21T02:52:08.844931Z","ending_miles":0,"id":3426,"license_plate":"SC08643","located_at":"IRRIGON","report_month":"September","report_year":2024,"total_miles":0,"updated_at":"2025-07-21T02:52:08.844931Z","vehicle_id":null},
{"beginning_miles":0,"bus_id":"BUS24","bus_make":"CHEV","bus_year":2017,"created_at":"2025-07-21T02:52:08.981456Z","ending_miles":0,"id":3427,"license_plate":"SC09099","located_at":"BOARDMAN","report_month":"September","report_year":2024,"total_miles":0,"updated_at":"2025-07-21T02:52:08.981456Z","vehicle_id":null},
{"beginning_miles":0,"bus_id":"BUS25","bus_make":"CHEV.","bus_year":2017,"created_at":"2025-07-21T02:52:09.101887Z","ending_miles":0,"id":3428,"license_plate":"SC09100","located_at":"AIRPORT WAY 1","report_month":"September","report_year":2024,"total_miles":0,"updated_at":"2025-07-21T02:52:09.101887Z","vehicle_id":null},
{"beginning_miles":0,"bus_id":"BUS26","bus_make":"CHEV.","bus_year":2020,"created_at":"2025-07-21T02:52:09.239517Z","ending_miles":0,"id":3429,"license_plate":"SC0","located_at":"JOHN DAY","report_month":"September","report_year":2024,"total_miles":0,"updated_at":"2025-07-21T02:52:09.239517Z","vehicle_id":null},
{"beginning_miles":0,"bus_id":"BUS52","bus_make":"CHEV.","bus_year":2021,"created_at":"2025-07-21T02:52:09.354387Z","ending_miles":0,"id":3430,"license_plate":"SC0","located_at":"UMATILLA 1 \u0026 2","report_month":"September","report_year":2024,"total_miles":0,"updated_at":"2025-07-21T02:52:09.354387Z","vehicle_id":null},
{"beginning_miles":0,"bus_id":"BUS3","bus_make":"CHEV","bus_year":2009,"created_at":"2025-07-21T02:52:09.482077Z","ending_miles":0,"id":3431,"license_plate":"SC06694","located_at":"SPARE FOR UMATILLA- OUT OF SERVICE","report_month":"October","report_year":2024,"total_miles":0,"updated_at":"2025-07-21T02:52:09.482077Z","vehicle_id":null},
{"beginning_miles":0,"bus_id":"BUS16","bus_make":"CHEV.","bus_year":2008,"created_at":"2025-07-21T02:52:09.597622Z","ending_miles":0,"id":3432,"license_plate":"SC06568","located_at":"SPARE- FOR AWDC","report_month":"October","report_year":2024,"total_miles":0,"updated_at":"2025-07-21T02:52:09.597622Z","vehicle_id":null},
{"beginning_miles":0,"bus_id":"BUS17","bus_make":"CHEV.","bus_year":2008,"created_at":"2025-07-21T02:52:09.716885Z","ending_miles":0,"id":3433,"license_plate":"SC06675","located_at":"SPARE FOR VS- OUT OF SERVICE","report_month":"October","report_year":2024,"total_miles":0,"updated_at":"2025-07-21T02:52:09.716885Z","vehicle_id":null},
{"beginning_miles":0,"bus_id":"BUS18","bus_make":"CHEV.","bus_year":2008,"created_at":"2025-07-21T02:52:09.83423Z","ending_miles":0,"id":3434,"license_plate":"SC06686","located_at":"SPARE- FOR BOARDMAN","report_month":"October","report_year":2024,"total_miles":0,"updated_at":"2025-07-21T02:52:09.83423Z","vehicle_id":null},
{"beginning_miles":0,"bus_id":"BUS20","bus_make":"CHEV.","bus_year":2013,"created_at":"2025-07-21T02:52:09.96609Z","ending_miles":0,"id":3435,"license_plate":"SC07832","located_at":"WILL BE VS","report_month":"October","report_year":2024,"total_miles":0,"updated_at":"2025-07-21T02:52:09.96609Z","vehicle_id":null},
{"beginning_miles":63546,"bus_id":"BUS21","bus_make":"CHEV.","bus_year":2013,"created_at":"2025-07-21T02:52:10.083854Z","ending_miles":63546,"id":3436,"license_plate":"SC07831","located_at":"UMATILLA- WILL BE VS","report_month":"October","report_year":2024,"total_miles":0,"updated_at":"2025-07-21T02:52:10.083854Z","vehicle_id":null},
{"beginning_miles":0,"bus_id":"BUS22","bus_make":"CHEV.","bus_year":2016,"created_at":"2025-07-21T02:52:10.243675Z","ending_miles":0,"id":3437,"license_plate":"SC08190","located_at":"WILL BE AWDC- 1","report_month":"October","report_year":2024,"total_miles":0,"updated_at":"2025-07-21T02:52:10.243675Z","vehicle_id":null},
{"beginning_miles":36547,"bus_id":"BUS23","bus_make":"CHEV.","bus_year":2017,"created_at":"2025-07-21T02:52:10.368978Z","ending_miles":36547,"id":3438,"license_plate":"SC08643","located_at":"IRRIGON- WILL BE ROCKY HEIGHTS","report_month":"October","report_year":2024,"total_miles":0,"updated_at":"2025-07-21T02:52:10.368978Z","vehicle_id":null},
{"beginning_miles":0,"bus_id":"BUS24","bus_make":"CHEV","bus_year":2017,"created_at":"2025-07-21T02:52:10.495329Z","ending_miles":0,"id":3439,"license_plate":"SC09099","located_at":"WILL BE M-F","report_month":"October","report_year":2024,"total_miles":0,"updated_at":"2025-07-21T02:52:10.495329Z","vehicle_id":null},
{"beginning_miles":0,"bus_id":"BUS25","bus_make":"CHEV.","bus_year":2017,"created_at":"2025-07-21T02:52:10.614741Z","ending_miles":0,"id":3440,"license_plate":"SC09100","located_at":"WILL BE PELC","report_month":"October","report_year":2024,"total_miles":0,"updated_at":"2025-07-21T02:52:10.614741Z","vehicle_id":null},
{"beginning_miles":14286,"bus_id":"BUS26","bus_make":"CHEV.","bus_year":2020,"created_at":"2025-07-21T02:52:10.736695Z","ending_miles":14286,"id":3441,"license_plate":"SC0","located_at":"JOHN DAY","report_month":"October","report_year":2024,"total_miles":0,"updated_at":"2025-07-21T02:52:10.736695Z","vehicle_id":null},
{"beginning_miles":0,"bus_id":"BUS52","bus_make":"CHEV.","bus_year":2021,"created_at":"2025-07-21T02:52:10.856267Z","ending_miles":0,"id":3442,"license_plate":"NEW","located_at":"IRRIGON","report_month":"October","report_year":2024,"total_miles":0,"updated_at":"2025-07-21T02:52:10.856267Z","vehicle_id":null},
{"beginning_miles":978,"bus_id":"BUS58","bus_make":"CHEV.","bus_year":2022,"created_at":"2025-07-21T02:52:10.973769Z","ending_miles":978,"id":3443,"license_plate":"NEW","located_at":"UMATILLA","report_month":"October","report_year":2024,"total_miles":0,"updated_at":"2025-07-21T02:52:10.973769Z","vehicle_id":null},
{"beginning_miles":0,"bus_id":"BUS59","bus_make":"CHEV.","bus_year":2022,"created_at":"2025-07-21T02:52:11.091044Z","ending_miles":0,"id":3444,"license_plate":"NEW","located_at":"BOARDMAN","report_month":"October","report_year":2024,"total_miles":0,"updated_at":"2025-07-21T02:52:11.091044Z","vehicle_id":null},
{"beginning_miles":2248,"bus_id":"BUS60","bus_make":"CHEV.","bus_year":2022,"created_at":"2025-07-21T02:52:11.215074Z","ending_miles":2248,"id":3445,"license_plate":"NEW","located_at":"AWDC 2","report_month":"October","report_year":2024,"total_miles":0,"updated_at":"2025-07-21T02:52:11.215074Z","vehicle_id":null},
{"beginning_miles":0,"bus_id":"BUS3","bus_make":"CHEV","bus_year":2009,"created_at":"2025-07-21T02:52:11.363336Z","ending_miles":0,"id":3446,"license_plate":"SC06694","located_at":"TO BE SOLD-OUT OF SERVICE","report_month":"November","report_year":2024,"total_miles":0,"updated_at":"2025-07-21T02:52:11.363336Z","vehicle_id":null},
{"beginning_miles":0,"bus_id":"BUS16","bus_make":"CHEV.","bus_year":2008,"created_at":"2025-07-21T02:52:11.485879Z","ending_miles":0,"id":3447,"license_plate":"SC06568","located_at":"SPARE- FOR AWDC","report_month":"November","report_year":2024,"total_miles":0,"updated_at":"2025-07-21T02:52:11.485879Z","vehicle_id":null},
{"beginning_miles":0,"bus_id":"BUS17","bus_make":"CHEV.","bus_year":2008,"created_at":"2025-07-21T02:52:11.609865Z","ending_miles":0,"id":3448,"license_plate":"SC06675","located_at":"SPARE FOR VS- OUT OF SERVICE","report_month":"November","report_year":2024,"total_miles":0,"updated_at":"2025-07-21T02:52:11.609865Z","vehicle_id":null},
{"beginning_miles":0,"bus_id":"BUS18","bus_make":"CHEV.","bus_year":2008,"created_at":"2025-07-21T02:52:11.735703Z","ending_miles":0,"id":3449,"license_plate":"SC06686","located_at":"SPARE- FOR BOARDMAN","report_month":"November","report_year":2024,"total_miles":0,"updated_at":"2025-07-21T02:52:11.735703Z","vehicle_id":null},
{"beginning_miles":0,"bus_id":"BUS20","bus_make":"CHEV.","bus_year":2013,"created_at":"2025-07-21T02:52:11.857678Z","ending_miles":0,"id":3450,"license_plate":"SC07832","located_at":"SPARE","report_month":"November","report_year":2024,"total_miles":0,"updated_at":"2025-07-21T02:52:11.857678Z","vehicle_id":null},
{"beginning_miles":63546,"bus_id":"BUS21","bus_make":"CHEV.","bus_year":2013,"created_at":"2025-07-21T02:52:11.979035Z","ending_miles":65850,"id":3451,"license_plate":"SC07831","located_at":"AOC SPARE- USED FOR CWELC","report_month":"November","report_year":2024,"total_miles":2304,"updated_at":"2025-07-21T02:52:11.979035Z","vehicle_id":null},
{"beginning_miles":51724,"bus_id":"BUS22","bus_make":"CHEV.","bus_year":2016,"created_at":"2025-07-21T02:52:12.101359Z","ending_miles":52066,"id":3452,"license_plate":"SC08190","located_at":"WILL BE AWDC- 1","report_month":"November","report_year":2024,"total_miles":342,"updated_at":"2025-07-21T02:52:12.101359Z","vehicle_id":null},
{"beginning_miles":36547,"bus_id":"BUS23","bus_make":"CHEV.","bus_year":2017,"created_at":"2025-07-21T02:52:12.216178Z","ending_miles":0,"id":3453,"license_plate":"SC08643","located_at":"ROCKY HEIGHTS","report_month":"November","report_year":2024,"total_miles":0,"updated_at":"2025-07-21T02:52:12.216178Z","vehicle_id":null},
{"beginning_miles":0,"bus_id":"BUS24","bus_make":"CHEV","bus_year":2017,"created_at":"2025-07-21T02:52:12.334188Z","ending_miles":0,"id":3454,"license_plate":"SC09099","located_at":"VICTORY SQUARE","report_month":"November","report_year":2024,"total_miles":0,"updated_at":"2025-07-21T02:52:12.334188Z","vehicle_id":null},
{"beginning_miles":0,"bus_id":"BUS25","bus_make":"CHEV.","bus_year":2017,"created_at":"2025-07-21T02:52:12.45551Z","ending_miles":0,"id":3455,"license_plate":"SC09100","located_at":"AWDC2","report_month":"November","report_year":2024,"total_miles":0,"updated_at":"2025-07-21T02:52:12.45551Z","vehicle_id":null},
{"beginning_miles":14286,"bus_id":"BUS26","bus_make":"CHEV.","bus_year":2020,"created_at":"2025-07-21T02:52:12.570819Z","ending_miles":0,"id":3456,"license_plate":"SC0","located_at":"JOHN DAY","report_month":"November","report_year":2024,"total_miles":0,"updated_at":"2025-07-21T02:52:12.570819Z","vehicle_id":null},
{"beginning_miles":0,"bus_id":"BUS52","bus_make":"CHEV.","bus_year":2021,"created_at":"2025-07-21T02:52:12.695082Z","ending_miles":0,"id":3457,"license_plate":"NEW","located_at":"UMATILLA","report_month":"November","report_year":2024,"total_miles":0,"updated_at":"2025-07-21T02:52:12.695082Z","vehicle_id":null},
{"beginning_miles":978,"bus_id":"BUS58","bus_make":"CHEV.","bus_year":2022,"created_at":"2025-07-21T02:52:12.84111Z","ending_miles":0,"id":3458,"license_plate":"NEW","located_at":"IRRIGON","report_month":"November","report_year":2024,"total_miles":0,"updated_at":"2025-07-21T02:52:12.84111Z","vehicle_id":null},
{"beginning_miles":0,"bus_id":"BUS59","bus_make":"CHEV.","bus_year":2022,"created_at":"2025-07-21T02:52:12.971129Z","ending_miles":0,"id":3459,"license_plate":"NEW","located_at":"BOARDMAN","report_month":"November","report_year":2024,"total_miles":0,"updated_at":"2025-07-21T02:52:12.971129Z","vehicle_id":null},
{"beginning_miles":2248,"bus_id":"BUS60","bus_make":"CHEV.","bus_year":2022,"created_at":"2025-07-21T02:52:13.101324Z","ending_miles":0,"id":3460,"license_plate":"NEW","located_at":"AWDC 3","report_month":"November","report_year":2024,"total_miles":0,"updated_at":"2025-07-21T02:52:13.101324Z","vehicle_id":null},
{"beginning_miles":0,"bus_id":"BUS3","bus_make":"CHEV","bus_year":2009,"created_at":"2025-07-21T02:52:13.544792Z","ending_miles":0,"id":3461,"license_plate":"SC06694","located_at":"TO BE SOLD-OUT OF SERVICE","report_month":"December","report_year":2024,"total_miles":0,"updated_at":"2025-07-21T02:52:13.544792Z","vehicle_id":null},
{"beginning_miles":0,"bus_id":"BUS16","bus_make":"CHEV.","bus_year":2008,"created_at":"2025-07-21T02:52:13.6662Z","ending_miles":0,"id":3462,"license_plate":"SC06568","located_at":"SPARE- FOR AWDC","report_month":"December","report_year":2024,"total_miles":0,"updated_at":"2025-07-21T02:52:13.6662Z","vehicle_id":null},
{"beginning_miles":0,"bus_id":"BUS17","bus_make":"CHEV.","bus_year":2008,"created_at":"2025-07-21T02:52:13.794609Z","ending_miles":0,"id":3463,"license_plate":"SC06675","located_at":"SPARE FOR VS- OUT OF SERVICE","report_month":"December","report_year":2024,"total_miles":0,"updated_at":"2025-07-21T02:52:13.794609Z","vehicle_id":null},
{"beginning_miles":0,"bus_id":"BUS18","bus_make":"CHEV.","bus_year":2008,"created_at":"2025-07-21T02:52:13.91865Z","ending_miles":0,"id":3464,"license_plate":"SC06686","located_at":"SPARE- FOR BOARDMAN","report_month":"December","report_year":2024,"total_miles":0,"updated_at":"2025-07-21T02:52:13.91865Z","vehicle_id":null},
{"beginning_miles":0,"bus_id":"BUS20","bus_make":"CHEV.","bus_year":2013,"created_at":"2025-07-21T02:52:14.037071Z","ending_miles":0,"id":3465,"license_plate":"SC07832","located_at":"SPARE","report_month":"December","report_year":2024,"total_miles":0,"updated_at":"2025-07-21T02:52:14.037071Z","vehicle_id":null},
{"beginning_miles":65850,"bus_id":"BUS21","bus_make":"CHEV.","bus_year":2013,"created_at":"2025-07-21T02:52:14.152903Z","ending_miles":66093,"id":3466,"license_plate":"SC07831","located_at":"AOC SPARE- USED FOR CWELC","report_month":"December","report_year":2024,"total_miles":243,"updated_at":"2025-07-21T02:52:14.152903Z","vehicle_id":null},
{"beginning_miles":52066,"bus_id":"BUS22","bus_make":"CHEV.","bus_year":2016,"created_at":"2025-07-21T02:52:14.278071Z","ending_miles":0,"id":3467,"license_plate":"SC08190","located_at":"PELC","report_month":"December","report_year":2024,"total_miles":0,"updated_at":"2025-07-21T02:52:14.278071Z","vehicle_id":null},
{"beginning_miles":0,"bus_id":"BUS23","bus_make":"CHEV.","bus_year":2017,"created_at":"2025-07-21T02:52:14.397701Z","ending_miles":0,"id":3468,"license_plate":"SC08643","located_at":"ROCKY HEIGHTS","report_month":"December","report_year":2024,"total_miles":0,"updated_at":"2025-07-21T02:52:14.397701Z","vehicle_id":null},
{"beginning_miles":0,"bus_id":"BUS24","bus_make":"CHEV","bus_year":2017,"created_at":"2025-07-21T02:52:14.516602Z","ending_miles":0,"id":3469,"license_plate":"SC09099","located_at":"VICTORY SQUARE","report_month":"December","report_year":2024,"total_miles":0,"updated_at":"2025-07-21T02:52:14.516602Z","vehicle_id":null},
{"beginning_miles":0,"bus_id":"BUS25","bus_make":"CHEV.","bus_year":2017,"created_at":"2025-07-21T02:52:14.644366Z","ending_miles":0,"id":3470,"license_plate":"SC09100","located_at":"AWDC2","report_month":"December","report_year":2024,"total_miles":0,"updated_at":"2025-07-21T02:52:14.644366Z","vehicle_id":null},
{"beginning_miles":0,"bus_id":"BUS26","bus_make":"CHEV.","bus_year":2020,"created_at":"2025-07-21T02:52:14.765488Z","ending_miles":0,"id":3471,"license_plate":"SC0","located_at":"JOHN DAY","report_month":"December","report_year":2024,"total_miles":0,"updated_at":"2025-07-21T02:52:14.765488Z","vehicle_id":null},
{"beginning_miles":0,"bus_id":"BUS52","bus_make":"CHEV.","bus_year":2021,"created_at":"2025-07-21T02:52:14.884584Z","ending_miles":0,"id":3472,"license_plate":"NEW","located_at":"UMATILLA","report_month":"December","report_year":2024,"total_miles":0,"updated_at":"2025-07-21T02:52:14.884584Z","vehicle_id":null},
{"beginning_miles":0,"bus_id":"BUS58","bus_make":"CHEV.","bus_year":2022,"created_at":"2025-07-21T02:52:15.012607Z","ending_miles":0,"id":3473,"license_plate":"NEW","located_at":"IRRIGON","report_month":"December","report_year":2024,"total_miles":0,"updated_at":"2025-07-21T02:52:15.012607Z","vehicle_id":null},
{"beginning_miles":0,"bus_id":"BUS59","bus_make":"CHEV.","bus_year":2022,"created_at":"2025-07-21T02:52:15.134617Z","ending_miles":0,"id":3474,"license_plate":"NEW","located_at":"BOARDMAN","report_month":"December","report_year":2024,"total_miles":0,"updated_at":"2025-07-21T02:52:15.134617Z","vehicle_id":null},
{"beginning_miles":0,"bus_id":"BUS60","bus_make":"CHEV.","bus_year":2022,"created_at":"2025-07-21T02:52:15.257906Z","ending_miles":0,"id":3475,"license_plate":"NEW","located_at":"AWDC 3","report_month":"December","report_year":2024,"total_miles":0,"updated_at":"2025-07-21T02:52:15.257906Z","vehicle_id":null},
{"beginning_miles":0,"bus_id":"BUS3","bus_make":"CHEV","bus_year":2009,"created_at":"2025-07-21T02:52:15.410146Z","ending_miles":0,"id":3476,"license_plate":"SC06694","located_at":"SPARE FOR UMATILLA- OUT OF SERVICE","report_month":"January","report_year":2024,"total_miles":0,"updated_at":"2025-07-21T02:52:15.410146Z","vehicle_id":null},
{"beginning_miles":0,"bus_id":"BUS16","bus_make":"CHEV.","bus_year":2008,"created_at":"2025-07-21T02:52:15.52569Z","ending_miles":0,"id":3477,"license_plate":"SC06568","located_at":"SPARE- FOR AWDC","report_month":"January","report_year":2024,"total_miles":0,"updated_at":"2025-07-21T02:52:15.52569Z","vehicle_id":null},
{"beginning_miles":0,"bus_id":"BUS17","bus_make":"CHEV.","bus_year":2008,"created_at":"2025-07-21T02:52:15.643981Z","ending_miles":0,"id":3478,"license_plate":"SC06675","located_at":"SPARE FOR VS- OUT OF SERVICE","report_month":"January","report_year":2024,"total_miles":0,"updated_at":"2025-07-21T02:52:15.643981Z","vehicle_id":null},
{"beginning_miles":0,"bus_id":"BUS18","bus_make":"CHEV.","bus_year":2008,"created_at":"2025-07-21T02:52:15.761195Z","ending_miles":0,"id":3479,"license_plate":"SC06686","located_at":"SPARE- FOR BOARDMAN","report_month":"January","report_year":2024,"total_miles":0,"updated_at":"2025-07-21T02:52:15.761195Z","vehicle_id":null},
{"beginning_miles":0,"bus_id":"BUS20","bus_make":"CHEV.","bus_year":2013,"created_at":"2025-07-21T02:52:15.880143Z","ending_miles":0,"id":3480,"license_plate":"SC07832","located_at":"WILL BE VS","report_month":"January","report_year":2024,"total_miles":0,"updated_at":"2025-07-21T02:52:15.880143Z","vehicle_id":null},
{"beginning_miles":61426,"bus_id":"BUS21","bus_make":"CHEV.","bus_year":2013,"created_at":"2025-07-21T02:52:16.00012Z","ending_miles":62555,"id":3481,"license_plate":"SC07831","located_at":"UMATILLA- WILL BE VS","report_month":"January","report_year":2024,"total_miles":1129,"updated_at":"2025-07-21T02:52:16.00012Z","vehicle_id":null},
{"beginning_miles":0,"bus_id":"BUS22","bus_make":"CHEV.","bus_year":2016,"created_at":"2025-07-21T02:52:16.123761Z","ending_miles":0,"id":3482,"license_plate":"SC08190","located_at":"WILL BE AWDC- 1","report_month":"January","report_year":2024,"total_miles":0,"updated_at":"2025-07-21T02:52:16.123761Z","vehicle_id":null},
{"beginning_miles":35679,"bus_id":"BUS23","bus_make":"CHEV.","bus_year":2017,"created_at":"2025-07-21T02:52:16.243481Z","ending_miles":36083,"id":3483,"license_plate":"SC08643","located_at":"IRRIGON- WILL BE ROCKY HEIGHTS","report_month":"January","report_year":2024,"total_miles":404,"updated_at":"2025-07-21T02:52:16.243481Z","vehicle_id":null},
{"beginning_miles":0,"bus_id":"BUS24","bus_make":"CHEV","bus_year":2017,"created_at":"2025-07-21T02:52:16.364518Z","ending_miles":0,"id":3484,"license_plate":"SC09099","located_at":"WILL BE M-F","report_month":"January","report_year":2024,"total_miles":0,"updated_at":"2025-07-21T02:52:16.364518Z","vehicle_id":null},
{"beginning_miles":24280,"bus_id":"BUS25","bus_make":"CHEV.","bus_year":2017,"created_at":"2025-07-21T02:52:16.481361Z","ending_miles":24371,"id":3485,"license_plate":"SC09100","located_at":"WILL BE PELC","report_month":"January","report_year":2024,"total_miles":91,"updated_at":"2025-07-21T02:52:16.481361Z","vehicle_id":null},
{"beginning_miles":13231,"bus_id":"BUS26","bus_make":"CHEV.","bus_year":2020,"created_at":"2025-07-21T02:52:16.615518Z","ending_miles":13749,"id":3486,"license_plate":"SC0","located_at":"JOHN DAY","report_month":"January","report_year":2024,"total_miles":518,"updated_at":"2025-07-21T02:52:16.615518Z","vehicle_id":null},
{"beginning_miles":0,"bus_id":"BUS52","bus_make":"CHEV.","bus_year":2021,"created_at":"2025-07-21T02:52:16.737784Z","ending_miles":0,"id":3487,"license_plate":"NEW","located_at":"IRRIGON","report_month":"January","report_year":2024,"total_miles":0,"updated_at":"2025-07-21T02:52:16.737784Z","vehicle_id":null},
{"beginning_miles":246,"bus_id":"BUS58","bus_make":"CHEV.","bus_year":2022,"created_at":"2025-07-21T02:52:16.858692Z","ending_miles":246,"id":3488,"license_plate":"NEW","located_at":"UMATILLA","report_month":"January","report_year":2024,"total_miles":0,"updated_at":"2025-07-21T02:52:16.858692Z","vehicle_id":null},
{"beginning_miles":286,"bus_id":"BUS59","bus_make":"CHEV.","bus_year":2022,"created_at":"2025-07-21T02:52:16.982121Z","ending_miles":357,"id":3489,"license_plate":"NEW","located_at":"BOARDMAN","report_month":"January","report_year":2024,"total_miles":71,"updated_at":"2025-07-21T02:52:16.982121Z","vehicle_id":null},
{"beginning_miles":980,"bus_id":"BUS60","bus_make":"CHEV.","bus_year":2022,"created_at":"2025-07-21T02:52:17.105201Z","ending_miles":1519,"id":3490,"license_plate":"NEW","located_at":"AWDC 2","report_month":"January","report_year":2024,"total_miles":539,"updated_at":"2025-07-21T02:52:17.105201Z","vehicle_id":null},
{"beginning_miles":0,"bus_id":"BUS3","bus_make":"CHEV","bus_year":2009,"created_at":"2025-07-21T02:52:17.23513Z","ending_miles":0,"id":3491,"license_plate":"SC06694","located_at":"SPARE FOR UMATILLA- OUT OF SERVICE","report_month":"February","report_year":2024,"total_miles":0,"updated_at":"2025-07-21T02:52:17.23513Z","vehicle_id":null},
{"beginning_miles":0,"bus_id":"BUS16","bus_make":"CHEV.","bus_year":2008,"created_at":"2025-07-21T02:52:17.363263Z","ending_miles":0,"id":3492,"license_plate":"SC06568","located_at":"SPARE- FOR AWDC","report_month":"February","report_year":2024,"total_miles":0,"updated_at":"2025-07-21T02:52:17.363263Z","vehicle_id":null},
{"beginning_miles":0,"bus_id":"BUS17","bus_make":"CHEV.","bus_year":2008,"created_at":"2025-07-21T02:52:17.484464Z","ending_miles":0,"id":3493,"license_plate":"SC06675","located_at":"SPARE FOR VS- OUT OF SERVICE","report_month":"February","report_year":2024,"total_miles":0,"updated_at":"2025-07-21T02:52:17.484464Z","vehicle_id":null},
{"beginning_miles":0,"bus_id":"BUS18","bus_make":"CHEV.","bus_year":2008,"created_at":"2025-07-21T02:52:17.605981Z","ending_miles":0,"id":3494,"license_plate":"SC06686","located_at":"SPARE- FOR BOARDMAN","report_month":"February","report_year":2024,"total_miles":0,"updated_at":"2025-07-21T02:52:17.605981Z","vehicle_id":null},
{"beginning_miles":0,"bus_id":"BUS20","bus_make":"CHEV.","bus_year":2013,"created_at":"2025-07-21T02:52:17.744919Z","ending_miles":0,"id":3495,"license_plate":"SC07832","located_at":"WILL BE VS","report_month":"February","report_year":2024,"total_miles":0,"updated_at":"2025-07-21T02:52:17.744919Z","vehicle_id":null},
{"beginning_miles":62555,"bus_id":"BUS21","bus_make":"CHEV.","bus_year":2013,"created_at":"2025-07-21T02:52:17.868532Z","ending_miles":63546,"id":3496,"license_plate":"SC07831","located_at":"UMATILLA- WILL BE VS","report_month":"February","report_year":2024,"total_miles":991,"updated_at":"2025-07-21T02:52:17.868532Z","vehicle_id":null},
{"beginning_miles":0,"bus_id":"BUS22","bus_make":"CHEV.","bus_year":2016,"created_at":"2025-07-21T02:52:18.042248Z","ending_miles":0,"id":3497,"license_plate":"SC08190","located_at":"WILL BE AWDC- 1","report_month":"February","report_year":2024,"total_miles":0,"updated_at":"2025-07-21T02:52:18.042248Z","vehicle_id":null},
{"beginning_miles":36083,"bus_id":"BUS23","bus_make":"CHEV.","bus_year":2017,"created_at":"2025-07-21T02:52:18.170506Z","ending_miles":36547,"id":3498,"license_plate":"SC08643","located_at":"IRRIGON- WILL BE ROCKY HEIGHTS","report_month":"February","report_year":2024,"total_miles":464,"updated_at":"2025-07-21T02:52:18.170506Z","vehicle_id":null},
{"beginning_miles":0,"bus_id":"BUS24","bus_make":"CHEV","bus_year":2017,"created_at":"2025-07-21T02:52:18.296583Z","ending_miles":0,"id":3499,"license_plate":"SC09099","located_at":"WILL BE M-F","report_month":"February","report_year":2024,"total_miles":0,"updated_at":"2025-07-21T02:52:18.296583Z","vehicle_id":null},
{"beginning_miles":24371,"bus_id":"BUS25","bus_make":"CHEV.","bus_year":2017,"created_at":"2025-07-21T02:52:18.419244Z","ending_miles":0,"id":3500,"license_plate":"SC09100","located_at":"WILL BE PELC","report_month":"February","report_year":2024,"total_miles":0,"updated_at":"2025-07-21T02:52:18.419244Z","vehicle_id":null},
{"beginning_miles":13749,"bus_id":"BUS26","bus_make":"CHEV.","bus_year":2020,"created_at":"2025-07-21T02:52:18.544866Z","ending_miles":14286,"id":3501,"license_plate":"SC0","located_at":"JOHN DAY","report_month":"February","report_year":2024,"total_miles":537,"updated_at":"2025-07-21T02:52:18.544866Z","vehicle_id":null},
{"beginning_miles":0,"bus_id":"BUS52","bus_make":"CHEV.","bus_year":2021,"created_at":"2025-07-21T02:52:18.68104Z","ending_miles":0,"id":3502,"license_plate":"NEW","located_at":"SPARE","report_month":"February","report_year":2024,"total_miles":0,"updated_at":"2025-07-21T02:52:18.68104Z","vehicle_id":null},
{"beginning_miles":246,"bus_id":"BUS58","bus_make":"CHEV.","bus_year":2022,"created_at":"2025-07-21T02:52:18.80252Z","ending_miles":978,"id":3503,"license_plate":"NEW","located_at":"IRRIGON","report_month":"February","report_year":2024,"total_miles":732,"updated_at":"2025-07-21T02:52:18.80252Z","vehicle_id":null},
{"beginning_miles":357,"bus_id":"BUS59","bus_make":"CHEV.","bus_year":2022,"created_at":"2025-07-21T02:52:18.945885Z","ending_miles":0,"id":3504,"license_plate":"NEW","located_at":"BOARDMAN","report_month":"February","report_year":2024,"total_miles":0,"updated_at":"2025-07-21T02:52:18.945885Z","vehicle_id":null},
{"beginning_miles":1519,"bus_id":"BUS60","bus_make":"CHEV.","bus_year":2022,"created_at":"2025-07-21T02:52:19.102102Z","ending_miles":2248,"id":3505,"license_plate":"NEW","located_at":"AWDC 2","report_month":"February","report_year":2024,"total_miles":729,"updated_at":"2025-07-21T02:52:19.102102Z","vehicle_id":null},
{"beginning_miles":0,"bus_id":"BUS3","bus_make":"CHEV","bus_year":2009,"created_at":"2025-07-21T02:52:19.225898Z","ending_miles":0,"id":3506,"license_plate":"SC06694","located_at":"SPARE FOR UMATILLA- OUT OF SERVICE","report_month":"March","report_year":2024,"total_miles":0,"updated_at":"2025-07-21T02:52:19.225898Z","vehicle_id":null},
{"beginning_miles":0,"bus_id":"BUS16","bus_make":"CHEV.","bus_year":2008,"created_at":"2025-07-21T02:52:19.351815Z","ending_miles":0,"id":3507,"license_plate":"SC06568","located_at":"SPARE- FOR AWDC","report_month":"March","report_year":2024,"total_miles":0,"updated_at":"2025-07-21T02:52:19.351815Z","vehicle_id":null},
{"beginning_miles":0,"bus_id":"BUS17","bus_make":"CHEV.","bus_year":2008,"created_at":"2025-07-21T02:52:19.483438Z","ending_miles":0,"id":3508,"license_plate":"SC06675","located_at":"SPARE FOR VS- OUT OF SERVICE","report_month":"March","report_year":2024,"total_miles":0,"updated_at":"2025-07-21T02:52:19.483438Z","vehicle_id":null},
{"beginning_miles":0,"bus_id":"BUS18","bus_make":"CHEV.","bus_year":2008,"created_at":"2025-07-21T02:52:19.609603Z","ending_miles":0,"id":3509,"license_plate":"SC06686","located_at":"SPARE- FOR BOARDMAN","report_month":"March","report_year":2024,"total_miles":0,"updated_at":"2025-07-21T02:52:19.609603Z","vehicle_id":null},
{"beginning_miles":0,"bus_id":"BUS20","bus_make":"CHEV.","bus_year":2013,"created_at":"2025-07-21T02:52:19.738414Z","ending_miles":0,"id":3510,"license_plate":"SC07832","located_at":"WILL BE VS","report_month":"March","report_year":2024,"total_miles":0,"updated_at":"2025-07-21T02:52:19.738414Z","vehicle_id":null},
{"beginning_miles":63546,"bus_id":"BUS21","bus_make":"CHEV.","bus_year":2013,"created_at":"2025-07-21T02:52:19.862042Z","ending_miles":63546,"id":3511,"license_plate":"SC07831","located_at":"UMATILLA- WILL BE VS","report_month":"March","report_year":2024,"total_miles":0,"updated_at":"2025-07-21T02:52:19.862042Z","vehicle_id":null},
{"beginning_miles":0,"bus_id":"BUS22","bus_make":"CHEV.","bus_year":2016,"created_at":"2025-07-21T02:52:19.983714Z","ending_miles":0,"id":3512,"license_plate":"SC08190","located_at":"WILL BE AWDC- 1","report_month":"March","report_year":2024,"total_miles":0,"updated_at":"2025-07-21T02:52:19.983714Z","vehicle_id":null},
{"beginning_miles":36547,"bus_id":"BUS23","bus_make":"CHEV.","bus_year":2017,"created_at":"2025-07-21T02:52:20.100016Z","ending_miles":36547,"id":3513,"license_plate":"SC08643","located_at":"IRRIGON- WILL BE ROCKY HEIGHTS","report_month":"March","report_year":2024,"total_miles":0,"updated_at":"2025-07-21T02:52:20.100016Z","vehicle_id":null},
{"beginning_miles":0,"bus_id":"BUS24","bus_make":"CHEV","bus_year":2017,"created_at":"2025-07-21T02:52:20.218858Z","ending_miles":0,"id":3514,"license_plate":"SC09099","located_at":"WILL BE M-F","report_month":"March","report_year":2024,"total_miles":0,"updated_at":"2025-07-21T02:52:20.218858Z","vehicle_id":null},
{"beginning_miles":0,"bus_id":"BUS25","bus_make":"CHEV.","bus_year":2017,"created_at":"2025-07-21T02:52:20.339074Z","ending_miles":0,"id":3515,"license_plate":"SC09100","located_at":"WILL BE PELC","report_month":"March","report_year":2024,"total_miles":0,"updated_at":"2025-07-21T02:52:20.339074Z","vehicle_id":null},
{"beginning_miles":14286,"bus_id":"BUS26","bus_make":"CHEV.","bus_year":2020,"created_at":"2025-07-21T02:52:20.462003Z","ending_miles":14286,"id":3516,"license_plate":"SC0","located_at":"JOHN DAY","report_month":"March","report_year":2024,"total_miles":0,"updated_at":"2025-07-21T02:52:20.462003Z","vehicle_id":null},
{"beginning_miles":978,"bus_id":"BUS58","bus_make":"CHEV.","bus_year":2022,"created_at":"2025-07-21T02:52:20.6457Z","ending_miles":978,"id":3517,"license_plate":"NEW","located_at":"UMATILLA","report_month":"March","report_year":2024,"total_miles":0,"updated_at":"2025-07-21T02:52:20.6457Z","vehicle_id":null},
{"beginning_miles":0,"bus_id":"BUS59","bus_make":"CHEV.","bus_year":2022,"created_at":"2025-07-21T02:52:20.768119Z","ending_miles":0,"id":3518,"license_plate":"NEW","located_at":"BOARDMAN","report_month":"March","report_year":2024,"total_miles":0,"updated_at":"2025-07-21T02:52:20.768119Z","vehicle_id":null},
{"beginning_miles":2248,"bus_id":"BUS60","bus_make":"CHEV.","bus_year":2022,"created_at":"2025-07-21T02:52:20.892568Z","ending_miles":2248,"id":3519,"license_plate":"NEW","located_at":"AWDC 2","report_month":"March","report_year":2024,"total_miles":0,"updated_at":"2025-07-21T02:52:20.892568Z","vehicle_id":null},
{"beginning_miles":0,"bus_id":"BUS3","bus_make":"CHEV","bus_year":2009,"created_at":"2025-07-21T02:52:21.039244Z","ending_miles":0,"id":3520,"license_plate":"SC06694","located_at":"SPARE FOR UMATILLA- OUT OF SERVICE","report_month":"April","report_year":2024,"total_miles":0,"updated_at":"2025-07-21T02:52:21.039244Z","vehicle_id":null},
{"beginning_miles":0,"bus_id":"BUS16","bus_make":"CHEV.","bus_year":2008,"created_at":"2025-07-21T02:52:21.170257Z","ending_miles":0,"id":3521,"license_plate":"SC06568","located_at":"SPARE- FOR AWDC","report_month":"April","report_year":2024,"total_miles":0,"updated_at":"2025-07-21T02:52:21.170257Z","vehicle_id":null},
{"beginning_miles":0,"bus_id":"BUS17","bus_make":"CHEV.","bus_year":2008,"created_at":"2025-07-21T02:52:21.284291Z","ending_miles":0,"id":3522,"license_plate":"SC06675","located_at":"SPARE FOR VS- OUT OF SERVICE","report_month":"April","report_year":2024,"total_miles":0,"updated_at":"2025-07-21T02:52:21.284291Z","vehicle_id":null},
{"beginning_miles":108600,"bus_id":"BUS18","bus_make":"CHEV.","bus_year":2008,"created_at":"2025-07-21T02:52:21.40026Z","ending_miles":109219,"id":3523,"license_plate":"SC06686","located_at":"SPARE- FOR UMATILLA","report_month":"April","report_year":2024,"total_miles":619,"updated_at":"2025-07-21T02:52:21.40026Z","vehicle_id":null},
{"beginning_miles":0,"bus_id":"BUS20","bus_make":"CHEV.","bus_year":2013,"created_at":"2025-07-21T02:52:21.514835Z","ending_miles":0,"id":3524,"license_plate":"SC07832","located_at":"WILL BE VS","report_month":"April","report_year":2024,"total_miles":0,"updated_at":"2025-07-21T02:52:21.514835Z","vehicle_id":null},
{"beginning_miles":63546,"bus_id":"BUS21","bus_make":"CHEV.","bus_year":2013,"created_at":"2025-07-21T02:52:21.635951Z","ending_miles":63546,"id":3525,"license_plate":"SC07831","located_at":"UMATILLA- WILL BE VS","report_month":"April","report_year":2024,"total_miles":0,"updated_at":"2025-07-21T02:52:21.635951Z","vehicle_id":null},
{"beginning_miles":0,"bus_id":"BUS22","bus_make":"CHEV.","bus_year":2016,"created_at":"2025-07-21T02:52:21.754654Z","ending_miles":0,"id":3526,"license_plate":"SC08190","located_at":"WILL BE AWDC- 1","report_month":"April","report_year":2024,"total_miles":0,"updated_at":"2025-07-21T02:52:21.754654Z","vehicle_id":null},
{"beginning_miles":36771,"bus_id":"BUS23","bus_make":"CHEV.","bus_year":2017,"created_at":"2025-07-21T02:52:21.874997Z","ending_miles":37243,"id":3527,"license_plate":"SC08643","located_at":"IRRIGON- WILL BE ROCKY HEIGHTS","report_month":"April","report_year":2024,"total_miles":472,"updated_at":"2025-07-21T02:52:21.874997Z","vehicle_id":null},
{"beginning_miles":0,"bus_id":"BUS24","bus_make":"CHEV","bus_year":2017,"created_at":"2025-07-21T02:52:22.008008Z","ending_miles":0,"id":3528,"license_plate":"SC09099","located_at":"WILL BE M-F","report_month":"April","report_year":2024,"total_miles":0,"updated_at":"2025-07-21T02:52:22.008008Z","vehicle_id":null},
{"beginning_miles":26028,"bus_id":"BUS25","bus_make":"CHEV.","bus_year":2017,"created_at":"2025-07-21T02:52:22.147623Z","ending_miles":26443,"id":3529,"license_plate":"SC09100","located_at":"WILL BE PELC","report_month":"April","report_year":2024,"total_miles":415,"updated_at":"2025-07-21T02:52:22.147623Z","vehicle_id":null},
{"beginning_miles":14286,"bus_id":"BUS26","bus_make":"CHEV.","bus_year":2020,"created_at":"2025-07-21T02:52:22.296631Z","ending_miles":15250,"id":3530,"license_plate":"SC0","located_at":"JOHN DAY","report_month":"April","report_year":2024,"total_miles":964,"updated_at":"2025-07-21T02:52:22.296631Z","vehicle_id":null},
{"beginning_miles":0,"bus_id":"BUS52","bus_make":"CHEV.","bus_year":2021,"created_at":"2025-07-21T02:52:22.417501Z","ending_miles":0,"id":3531,"license_plate":"NEW","located_at":"WILL BE FOR IRRIGON","report_month":"April","report_year":2024,"total_miles":0,"updated_at":"2025-07-21T02:52:22.417501Z","vehicle_id":null},
{"beginning_miles":0,"bus_id":"BUS58","bus_make":"CHEV.","bus_year":2022,"created_at":"2025-07-21T02:52:22.539132Z","ending_miles":0,"id":3532,"license_plate":"NEW","located_at":"WILL BE FOR UMATILLA","report_month":"April","report_year":2024,"total_miles":0,"updated_at":"2025-07-21T02:52:22.539132Z","vehicle_id":null},
{"beginning_miles":1433,"bus_id":"BUS59","bus_make":"CHEV.","bus_year":2022,"created_at":"2025-07-21T02:52:22.67844Z","ending_miles":2071,"id":3533,"license_plate":"NEW","located_at":"BOARDMAN","report_month":"April","report_year":2024,"total_miles":638,"updated_at":"2025-07-21T02:52:22.67844Z","vehicle_id":null},
{"beginning_miles":2248,"bus_id":"BUS60","bus_make":"CHEV.","bus_year":2022,"created_at":"2025-07-21T02:52:22.810822Z","ending_miles":3677,"id":3534,"license_plate":"NEW","located_at":"AWDC 2","report_month":"April","report_year":2024,"total_miles":1429,"updated_at":"2025-07-21T02:52:22.810822Z","vehicle_id":null},
{"beginning_miles":0,"bus_id":"BUS3","bus_make":"CHEV","bus_year":2009,"created_at":"2025-07-21T02:52:22.941906Z","ending_miles":0,"id":3535,"license_plate":"SC06694","located_at":"ROCKY HTS.","report_month":"May","report_year":2024,"total_miles":0,"updated_at":"2025-07-21T02:52:22.941906Z","vehicle_id":null},
{"beginning_miles":0,"bus_id":"BUS16","bus_make":"CHEV.","bus_year":2008,"created_at":"2025-07-21T02:52:23.059421Z","ending_miles":0,"id":3536,"license_plate":"SC06568","located_at":"SPARE","report_month":"May","report_year":2024,"total_miles":0,"updated_at":"2025-07-21T02:52:23.059421Z","vehicle_id":null},
{"beginning_miles":0,"bus_id":"BUS17","bus_make":"CHEV.","bus_year":2008,"created_at":"2025-07-21T02:52:23.174207Z","ending_miles":0,"id":3537,"license_plate":"SC06675","located_at":"SPARE","report_month":"May","report_year":2024,"total_miles":0,"updated_at":"2025-07-21T02:52:23.174207Z","vehicle_id":null},
{"beginning_miles":109219,"bus_id":"BUS18","bus_make":"CHEV.","bus_year":2008,"created_at":"2025-07-21T02:52:23.292061Z","ending_miles":105717,"id":3538,"license_plate":"SC06686","located_at":"SPARE","report_month":"May","report_year":2024,"total_miles":0,"updated_at":"2025-07-21T02:52:23.292061Z","vehicle_id":null},
{"beginning_miles":0,"bus_id":"BUS20","bus_make":"CHEV.","bus_year":2013,"created_at":"2025-07-21T02:52:23.415127Z","ending_miles":0,"id":3539,"license_plate":"SC07832","located_at":"SLATED FOR MILTON","report_month":"May","report_year":2024,"total_miles":0,"updated_at":"2025-07-21T02:52:23.415127Z","vehicle_id":null},
{"beginning_miles":63546,"bus_id":"BUS21","bus_make":"CHEV.","bus_year":2013,"created_at":"2025-07-21T02:52:23.533723Z","ending_miles":0,"id":3540,"license_plate":"SC07831","located_at":"SLATED FOR PENDLETON","report_month":"May","report_year":2024,"total_miles":0,"updated_at":"2025-07-21T02:52:23.533723Z","vehicle_id":null},
{"beginning_miles":0,"bus_id":"BUS22","bus_make":"CHEV.","bus_year":2016,"created_at":"2025-07-21T02:52:23.658456Z","ending_miles":50769,"id":3541,"license_plate":"SC08190","located_at":"VICTORY SQUARE 2","report_month":"May","report_year":2024,"total_miles":50769,"updated_at":"2025-07-21T02:52:23.658456Z","vehicle_id":null},
{"beginning_miles":37243,"bus_id":"BUS23","bus_make":"CHEV.","bus_year":2017,"created_at":"2025-07-21T02:52:23.795868Z","ending_miles":34146,"id":3542,"license_plate":"SC08643","located_at":"IRRIGON","report_month":"May","report_year":2024,"total_miles":0,"updated_at":"2025-07-21T02:52:23.795868Z","vehicle_id":null},
{"beginning_miles":0,"bus_id":"BUS24","bus_make":"CHEV","bus_year":2017,"created_at":"2025-07-21T02:52:23.91206Z","ending_miles":22878,"id":3543,"license_plate":"SC09099","located_at":"BOARDMAN","report_month":"May","report_year":2024,"total_miles":22878,"updated_at":"2025-07-21T02:52:23.91206Z","vehicle_id":null},
{"beginning_miles":26443,"bus_id":"BUS25","bus_make":"CHEV.","bus_year":2017,"created_at":"2025-07-21T02:52:24.045138Z","ending_miles":23224,"id":3544,"license_plate":"SC09100","located_at":"AIRPORT WAY 1","report_month":"May","report_year":2024,"total_miles":0,"updated_at":"2025-07-21T02:52:24.045138Z","vehicle_id":null},
{"beginning_miles":15250,"bus_id":"BUS26","bus_make":"CHEV.","bus_year":2020,"created_at":"2025-07-21T02:52:24.168046Z","ending_miles":13180,"id":3545,"license_plate":"SC0","located_at":"JOHN DAY","report_month":"May","report_year":2024,"total_miles":0,"updated_at":"2025-07-21T02:52:24.168046Z","vehicle_id":null},
{"beginning_miles":0,"bus_id":"BUS52","bus_make":"CHEV.","bus_year":2021,"created_at":"2025-07-21T02:52:24.286261Z","ending_miles":9503,"id":3546,"license_plate":"SC0","located_at":"UMATILLA 1 \u0026 2","report_month":"May","report_year":2024,"total_miles":9503,"updated_at":"2025-07-21T02:52:24.286261Z","vehicle_id":null},
{"beginning_miles":0,"bus_id":"BUS58","bus_make":"CHEV.","bus_year":2022,"created_at":"2025-07-21T02:52:24.407751Z","ending_miles":0,"id":3547,"license_plate":"NEW","located_at":"WILL BE FOR UMATILLA","report_month":"May","report_year":2024,"total_miles":0,"updated_at":"2025-07-21T02:52:24.407751Z","vehicle_id":null},
{"beginning_miles":1433,"bus_id":"BUS59","bus_make":"CHEV.","bus_year":2022,"created_at":"2025-07-21T02:52:24.525346Z","ending_miles":2071,"id":3548,"license_plate":"NEW","located_at":"BOARDMAN","report_month":"May","report_year":2024,"total_miles":638,"updated_at":"2025-07-21T02:52:24.525346Z","vehicle_id":null},
{"beginning_miles":2248,"bus_id":"BUS60","bus_make":"CHEV.","bus_year":2022,"created_at":"2025-07-21T02:52:24.64455Z","ending_miles":3677,"id":3549,"license_plate":"NEW","located_at":"AWDC 2","report_month":"May","report_year":2024,"total_miles":1429,"updated_at":"2025-07-21T02:52:24.64455Z","vehicle_id":null},
{"beginning_miles":0,"bus_id":"BUS3","bus_make":"CHEV","bus_year":2009,"created_at":"2025-07-21T02:52:24.771428Z","ending_miles":0,"id":3550,"license_plate":"SC06694","located_at":"ROCKY HTS.","report_month":"June","report_year":2024,"total_miles":0,"updated_at":"2025-07-21T02:52:24.771428Z","vehicle_id":null},
{"beginning_miles":0,"bus_id":"BUS16","bus_make":"CHEV.","bus_year":2008,"created_at":"2025-07-21T02:52:24.907533Z","ending_miles":0,"id":3551,"license_plate":"SC06568","located_at":"SPARE","report_month":"June","report_year":2024,"total_miles":0,"updated_at":"2025-07-21T02:52:24.907533Z","vehicle_id":null},
{"beginning_miles":0,"bus_id":"BUS17","bus_make":"CHEV.","bus_year":2008,"created_at":"2025-07-21T02:52:25.044228Z","ending_miles":0,"id":3552,"license_plate":"SC06675","located_at":"SPARE","report_month":"June","report_year":2024,"total_miles":0,"updated_at":"2025-07-21T02:52:25.044228Z","vehicle_id":null},
{"beginning_miles":109219,"bus_id":"BUS18","bus_make":"CHEV.","bus_year":2008,"created_at":"2025-07-21T02:52:25.171545Z","ending_miles":105717,"id":3553,"license_plate":"SC06686","located_at":"SPARE","report_month":"June","report_year":2024,"total_miles":0,"updated_at":"2025-07-21T02:52:25.171545Z","vehicle_id":null},
{"beginning_miles":0,"bus_id":"BUS20","bus_make":"CHEV.","bus_year":2013,"created_at":"2025-07-21T02:52:25.28739Z","ending_miles":0,"id":3554,"license_plate":"SC07832","located_at":"SLATED FOR MILTON","report_month":"June","report_year":2024,"total_miles":0,"updated_at":"2025-07-21T02:52:25.28739Z","vehicle_id":null},
{"beginning_miles":63546,"bus_id":"BUS21","bus_make":"CHEV.","bus_year":2013,"created_at":"2025-07-21T02:52:25.4078Z","ending_miles":0,"id":3555,"license_plate":"SC07831","located_at":"SLATED FOR PENDLETON","report_month":"June","report_year":2024,"total_miles":0,"updated_at":"2025-07-21T02:52:25.4078Z","vehicle_id":null},
{"beginning_miles":0,"bus_id":"BUS22","bus_make":"CHEV.","bus_year":2016,"created_at":"2025-07-21T02:52:25.557557Z","ending_miles":50769,"id":3556,"license_plate":"SC08190","located_at":"VICTORY SQUARE 2","report_month":"June","report_year":2024,"total_miles":50769,"updated_at":"2025-07-21T02:52:25.557557Z","vehicle_id":null},
{"beginning_miles":37243,"bus_id":"BUS23","bus_make":"CHEV.","bus_year":2017,"created_at":"2025-07-21T02:52:25.679934Z","ending_miles":34146,"id":3557,"license_plate":"SC08643","located_at":"IRRIGON","report_month":"June","report_year":2024,"total_miles":0,"updated_at":"2025-07-21T02:52:25.679934Z","vehicle_id":null},
{"beginning_miles":0,"bus_id":"BUS24","bus_make":"CHEV","bus_year":2017,"created_at":"2025-07-21T02:52:25.801529Z","ending_miles":22878,"id":3558,"license_plate":"SC09099","located_at":"BOARDMAN","report_month":"June","report_year":2024,"total_miles":22878,"updated_at":"2025-07-21T02:52:25.801529Z","vehicle_id":null},
{"beginning_miles":26443,"bus_id":"BUS25","bus_make":"CHEV.","bus_year":2017,"created_at":"2025-07-21T02:52:25.917793Z","ending_miles":23224,"id":3559,"license_plate":"SC09100","located_at":"AIRPORT WAY 1","report_month":"June","report_year":2024,"total_miles":0,"updated_at":"2025-07-21T02:52:25.917793Z","vehicle_id":null},
{"beginning_miles":15250,"bus_id":"BUS26","bus_make":"CHEV.","bus_year":2020,"created_at":"2025-07-21T02:52:26.035277Z","ending_miles":13180,"id":3560,"license_plate":"SC0","located_at":"JOHN DAY","report_month":"June","report_year":2024,"total_miles":0,"updated_at":"2025-07-21T02:52:26.035277Z","vehicle_id":null},
{"beginning_miles":0,"bus_id":"BUS52","bus_make":"CHEV.","bus_year":2021,"created_at":"2025-07-21T02:52:26.157343Z","ending_miles":9503,"id":3561,"license_plate":"SC0","located_at":"UMATILLA 1 \u0026 2","report_month":"June","report_year":2024,"total_miles":9503,"updated_at":"2025-07-21T02:52:26.157343Z","vehicle_id":null},
{"beginning_miles":0,"bus_id":"BUS58","bus_make":"CHEV.","bus_year":2022,"created_at":"2025-07-21T02:52:26.283597Z","ending_miles":0,"id":3562,"license_plate":"NEW","located_at":"WILL BE FOR UMATILLA","report_month":"June","report_year":2024,"total_miles":0,"updated_at":"2025-07-21T02:52:26.283597Z","vehicle_id":null},
{"beginning_miles":1433,"bus_id":"BUS59","bus_make":"CHEV.","bus_year":2022,"created_at":"2025-07-21T02:52:26.702723Z","ending_miles":2071,"id":3563,"license_plate":"NEW","located_at":"BOARDMAN","report_month":"June","report_year":2024,"total_miles":638,"updated_at":"2025-07-21T02:52:26.702723Z","vehicle_id":null},
{"beginning_miles":2248,"bus_id":"BUS60","bus_make":"CHEV.","bus_year":2022,"created_at":"2025-07-21T02:52:26.83185Z","ending_miles":3677,"id":3564,"license_plate":"NEW","located_at":"AWDC 2","report_month":"June","report_year":2024,"total_miles":1429,"updated_at":"2025-07-21T02:52:26.83185Z","vehicle_id":null},
{"beginning_miles":4323,"bus_id":"BUS58","bus_make":"CHEV.","bus_year":2022,"created_at":"2025-07-21T02:52:28.485416Z","ending_miles":4323,"id":3577,"license_plate":"NEW","located_at":"IRRIGON","report_month":"August","report_year":2024,"total_miles":0,"updated_at":"2025-07-21T02:52:28.485416Z","vehicle_id":null},
{"beginning_miles":9053,"bus_id":"BUS59","bus_make":"CHEV.","bus_year":2022,"created_at":"2025-07-21T02:52:28.648389Z","ending_miles":9053,"id":3578,"license_plate":"NEW","located_at":"BOARDMAN","report_month":"August","report_year":2024,"total_miles":0,"updated_at":"2025-07-21T02:52:28.648389Z","vehicle_id":null},
{"beginning_miles":0,"bus_id":"BUS60","bus_make":"CHEV.","bus_year":2022,"created_at":"2025-07-21T02:52:28.76862Z","ending_miles":0,"id":3579,"license_plate":"NEW","located_at":"AWDC 1","report_month":"August","report_year":2024,"total_miles":0,"updated_at":"2025-07-21T02:52:28.76862Z","vehicle_id":null},
{"beginning_miles":0,"bus_id":"BUS15-2","bus_make":"","bus_year":0,"created_at":"2025-07-21T02:52:28.89139Z","ending_miles":14280,"id":3580,"license_plate":"","located_at":"CWEC","report_month":"August","report_year":2024,"total_miles":14280,"updated_at":"2025-07-21T02:52:28.89139Z","vehicle_id":null},
{"beginning_miles":0,"bus_id":"BUS15","bus_make":"","bus_year":0,"created_at":"2025-07-21T02:52:29.020591Z","ending_miles":14280,"id":3581,"license_plate":"","located_at":"ROCKY HTS.","report_month":"September","report_year":2024,"total_miles":14280,"updated_at":"2025-07-21T02:52:29.020591Z","vehicle_id":null},
{"beginning_miles":4323,"bus_id":"BUS58","bus_make":"CHEV.","bus_year":2022,"created_at":"2025-07-21T02:52:30.456772Z","ending_miles":4622,"id":3593,"license_plate":"NEW","located_at":"IRRIGON","report_month":"September","report_year":2024,"total_miles":299,"updated_at":"2025-07-21T02:52:30.456772Z","vehicle_id":null},
{"beginning_miles":9068,"bus_id":"BUS59","bus_make":"CHEV.","bus_year":2022,"created_at":"2025-07-21T02:52:30.575357Z","ending_miles":9744,"id":3594,"license_plate":"NEW","located_at":"BOARDMAN","report_month":"September","report_year":2024,"total_miles":676,"updated_at":"2025-07-21T02:52:30.575357Z","vehicle_id":null},
{"beginning_miles":0,"bus_id":"BUS60","bus_make":"CHEV.","bus_year":2022,"created_at":"2025-07-21T02:52:30.691108Z","ending_miles":11559,"id":3595,"license_plate":"NEW","located_at":"AWDC 1","report_month":"September","report_year":2024,"total_miles":11559,"updated_at":"2025-07-21T02:52:30.691108Z","vehicle_id":null},
{"beginning_miles":0,"bus_id":"BUS15-2","bus_make":"","bus_year":0,"created_at":"2025-07-21T02:52:30.805309Z","ending_miles":14280,"id":3596,"license_plate":"","located_at":"CWEC","report_month":"September","report_year":2024,"total_miles":14280,"updated_at":"2025-07-21T02:52:30.805309Z","vehicle_id":null},
{"beginning_miles":0,"bus_id":"BUS15","bus_make":"","bus_year":0,"created_at":"2025-07-21T02:52:30.932861Z","ending_miles":14280,"id":3597,"license_plate":"","located_at":"ROCKY HTS.","report_month":"October","report_year":2024,"total_miles":14280,"updated_at":"2025-07-21T02:52:30.932861Z","vehicle_id":null},
{"beginning_miles":0,"bus_id":"BUS15-2","bus_make":"","bus_year":0,"created_at":"2025-07-21T02:52:32.757361Z","ending_miles":0,"id":3612,"license_plate":"","located_at":"CWEC","report_month":"October","report_year":2024,"total_miles":0,"updated_at":"2025-07-21T02:52:32.757361Z","vehicle_id":null},
{"beginning_miles":0,"bus_id":"BUS15","bus_make":"","bus_year":0,"created_at":"2025-07-21T02:52:32.895356Z","ending_miles":14280,"id":3613,"license_plate":"","located_at":"ROCKY HTS.","report_month":"November","report_year":2024,"total_miles":14280,"updated_at":"2025-07-21T02:52:32.895356Z","vehicle_id":null},
{"beginning_miles":0,"bus_id":"BUS15-2","bus_make":"","bus_year":0,"created_at":"2025-07-21T02:52:34.86562Z","ending_miles":0,"id":3628,"license_plate":"","located_at":"CWEC","report_month":"November","report_year":2024,"total_miles":0,"updated_at":"2025-07-21T02:52:34.86562Z","vehicle_id":null},
{"beginning_miles":0,"bus_id":"BUS15","bus_make":"","bus_year":0,"created_at":"2025-07-21T02:52:34.9932Z","ending_miles":0,"id":3629,"license_plate":"","located_at":"SPARE","report_month":"December","report_year":2024,"total_miles":0,"updated_at":"2025-07-21T02:52:34.9932Z","vehicle_id":null},
{"beginning_miles":0,"bus_id":"BUS15-2","bus_make":"","bus_year":0,"created_at":"2025-07-21T02:52:36.811275Z","ending_miles":0,"id":3644,"license_plate":"","located_at":"CWEC","report_month":"December","report_year":2024,"total_miles":0,"updated_at":"2025-07-21T02:52:36.811275Z","vehicle_id":null},
{"beginning_miles":0,"bus_id":"BUS15","bus_make":"","bus_year":0,"created_at":"2025-07-21T02:52:36.949878Z","ending_miles":0,"id":3645,"license_plate":"","located_at":"SPARE","report_month":"January","report_year":2025,"total_miles":0,"updated_at":"2025-07-21T02:52:36.949878Z","vehicle_id":null},
{"beginning_miles":0,"bus_id":"BUS16","bus_make":"CHEV.","bus_year":2008,"created_at":"2025-07-21T02:52:37.078737Z","ending_miles":0,"id":3646,"license_plate":"SC06568","located_at":"SPARE","report_month":"January","report_year":2025,"total_miles":0,"updated_at":"2025-07-21T02:52:37.078737Z","vehicle_id":null},
{"beginning_miles":0,"bus_id":"BUS17","bus_make":"CHEV.","bus_year":2008,"created_at":"2025-07-21T02:52:37.206436Z","ending_miles":0,"id":3647,"license_plate":"SC06675","located_at":"SPARE","report_month":"January","report_year":2025,"total_miles":0,"updated_at":"2025-07-21T02:52:37.206436Z","vehicle_id":null},
{"beginning_miles":0,"bus_id":"BUS18","bus_make":"CHEV.","bus_year":2008,"created_at":"2025-07-21T02:52:37.355668Z","ending_miles":0,"id":3648,"license_plate":"SC06686","located_at":"SPARE","report_month":"January","report_year":2025,"total_miles":0,"updated_at":"2025-07-21T02:52:37.355668Z","vehicle_id":null},
{"beginning_miles":0,"bus_id":"BUS20","bus_make":"CHEV.","bus_year":2013,"created_at":"2025-07-21T02:52:37.49454Z","ending_miles":0,"id":3649,"license_plate":"SC07832","located_at":"SLATED FOR MILTON","report_month":"January","report_year":2025,"total_miles":0,"updated_at":"2025-07-21T02:52:37.49454Z","vehicle_id":null},
{"beginning_miles":0,"bus_id":"BUS21","bus_make":"CHEV.","bus_year":2013,"created_at":"2025-07-21T02:52:37.638797Z","ending_miles":0,"id":3650,"license_plate":"SC07831","located_at":"VICTORY 1","report_month":"January","report_year":2025,"total_miles":0,"updated_at":"2025-07-21T02:52:37.638797Z","vehicle_id":null},
{"beginning_miles":0,"bus_id":"BUS22","bus_make":"CHEV.","bus_year":2016,"created_at":"2025-07-21T02:52:37.794236Z","ending_miles":0,"id":3651,"license_plate":"SC08190","located_at":"SPARE","report_month":"January","report_year":2025,"total_miles":0,"updated_at":"2025-07-21T02:52:37.794236Z","vehicle_id":null},
{"beginning_miles":43597,"bus_id":"BUS23","bus_make":"CHEV.","bus_year":2017,"created_at":"2025-07-21T02:52:37.922484Z","ending_miles":44468,"id":3652,"license_plate":"SC08643","located_at":"sub for victory 2","report_month":"January","report_year":2025,"total_miles":871,"updated_at":"2025-07-21T02:52:37.922484Z","vehicle_id":null},
{"beginning_miles":27668,"bus_id":"BUS24","bus_make":"CHEV","bus_year":2017,"created_at":"2025-07-21T02:52:38.043671Z","ending_miles":28168,"id":3653,"license_plate":"SC09099","located_at":"ROCKY HTS.","report_month":"January","report_year":2025,"total_miles":500,"updated_at":"2025-07-21T02:52:38.043671Z","vehicle_id":null},
{"beginning_miles":0,"bus_id":"BUS25","bus_make":"CHEV.","bus_year":2017,"created_at":"2025-07-21T02:52:38.16669Z","ending_miles":0,"id":3654,"license_plate":"SC09100","located_at":"PENDLETON","report_month":"January","report_year":2025,"total_miles":0,"updated_at":"2025-07-21T02:52:38.16669Z","vehicle_id":null},
{"beginning_miles":0,"bus_id":"BUS26","bus_make":"CHEV.","bus_year":2020,"created_at":"2025-07-21T02:52:38.285077Z","ending_miles":0,"id":3655,"license_plate":"SC0","located_at":"JOHN DAY","report_month":"January","report_year":2025,"total_miles":0,"updated_at":"2025-07-21T02:52:38.285077Z","vehicle_id":null},
{"beginning_miles":14664,"bus_id":"BUS52","bus_make":"CHEV.","bus_year":2021,"created_at":"2025-07-21T02:52:38.40752Z","ending_miles":15621,"id":3656,"license_plate":"SC0","located_at":"AWOC-2","report_month":"January","report_year":2025,"total_miles":957,"updated_at":"2025-07-21T02:52:38.40752Z","vehicle_id":null},
{"beginning_miles":6393,"bus_id":"BUS58","bus_make":"CHEV.","bus_year":2022,"created_at":"2025-07-21T02:52:38.529293Z","ending_miles":7017,"id":3657,"license_plate":"NEW","located_at":"IRRIGON","report_month":"January","report_year":2025,"total_miles":624,"updated_at":"2025-07-21T02:52:38.529293Z","vehicle_id":null},
{"beginning_miles":11914,"bus_id":"BUS59","bus_make":"CHEV.","bus_year":2022,"created_at":"2025-07-21T02:52:38.654058Z","ending_miles":12733,"id":3658,"license_plate":"NEW","located_at":"BOARDMAN","report_month":"January","report_year":2025,"total_miles":819,"updated_at":"2025-07-21T02:52:38.654058Z","vehicle_id":null},
{"beginning_miles":12141,"bus_id":"BUS60","bus_make":"CHEV.","bus_year":2022,"created_at":"2025-07-21T02:52:38.771469Z","ending_miles":12416,"id":3659,"license_plate":"NEW","located_at":"VICTORY 2","report_month":"January","report_year":2025,"total_miles":275,"updated_at":"2025-07-21T02:52:38.771469Z","vehicle_id":null},
{"beginning_miles":0,"bus_id":"BUS15-2","bus_make":"","bus_year":0,"created_at":"2025-07-21T02:52:38.903843Z","ending_miles":0,"id":3660,"license_plate":"","located_at":"CWEC","report_month":"January","report_year":2025,"total_miles":0,"updated_at":"2025-07-21T02:52:38.903843Z","vehicle_id":null},
{"beginning_miles":0,"bus_id":"BUS15","bus_make":"","bus_year":0,"created_at":"2025-07-21T02:52:39.047497Z","ending_miles":0,"id":3661,"license_plate":"","located_at":"SPARE","report_month":"February","report_year":2025,"total_miles":0,"updated_at":"2025-07-21T02:52:39.047497Z","vehicle_id":null},
{"beginning_miles":0,"bus_id":"BUS16","bus_make":"CHEV.","bus_year":2008,"created_at":"2025-07-21T02:52:39.170906Z","ending_miles":0,"id":3662,"license_plate":"SC06568","located_at":"SPARE","report_month":"February","report_year":2025,"total_miles":0,"updated_at":"2025-07-21T02:52:39.170906Z","vehicle_id":null},
{"beginning_miles":0,"bus_id":"BUS17","bus_make":"CHEV.","bus_year":2008,"created_at":"2025-07-21T02:52:39.29299Z","ending_miles":0,"id":3663,"license_plate":"SC06675","located_at":"SPARE","report_month":"February","report_year":2025,"total_miles":0,"updated_at":"2025-07-21T02:52:39.29299Z","vehicle_id":null},
{"beginning_miles":0,"bus_id":"BUS18","bus_make":"CHEV.","bus_year":2008,"created_at":"2025-07-21T02:52:39.458668Z","ending_miles":0,"id":3664,"license_plate":"SC06686","located_at":"SPARE","report_month":"February","report_year":2025,"total_miles":0,"updated_at":"2025-07-21T02:52:39.458668Z","vehicle_id":null},
{"beginning_miles":0,"bus_id":"BUS20","bus_make":"CHEV.","bus_year":2013,"created_at":"2025-07-21T02:52:39.581509Z","ending_miles":0,"id":3665,"license_plate":"SC07832","located_at":"SLATED FOR MILTON","report_month":"February","report_year":2025,"total_miles":0,"updated_at":"2025-07-21T02:52:39.581509Z","vehicle_id":null},
{"beginning_miles":0,"bus_id":"BUS21","bus_make":"CHEV.","bus_year":2013,"created_at":"2025-07-21T02:52:39.736966Z","ending_miles":0,"id":3666,"license_plate":"SC07831","located_at":"VICTORY 1","report_month":"February","report_year":2025,"total_miles":0,"updated_at":"2025-07-21T02:52:39.736966Z","vehicle_id":null},
{"beginning_miles":0,"bus_id":"BUS22","bus_make":"CHEV.","bus_year":2016,"created_at":"2025-07-21T02:52:39.858603Z","ending_miles":0,"id":3667,"license_plate":"SC08190","located_at":"SPARE","report_month":"February","report_year":2025,"total_miles":0,"updated_at":"2025-07-21T02:52:39.858603Z","vehicle_id":null},
{"beginning_miles":44468,"bus_id":"BUS23","bus_make":"CHEV.","bus_year":2017,"created_at":"2025-07-21T02:52:39.977513Z","ending_miles":45244,"id":3668,"license_plate":"SC08643","located_at":"sub for victory 2","report_month":"February","report_year":2025,"total_miles":776,"updated_at":"2025-07-21T02:52:39.977513Z","vehicle_id":null},
{"beginning_miles":28168,"bus_id":"BUS24","bus_make":"CHEV","bus_year":2017,"created_at":"2025-07-21T02:52:40.095871Z","ending_miles":28834,"id":3669,"license_plate":"SC09099","located_at":"ROCKY HTS.","report_month":"February","report_year":2025,"total_miles":666,"updated_at":"2025-07-21T02:52:40.095871Z","vehicle_id":null},
{"beginning_miles":0,"bus_id":"BUS25","bus_make":"CHEV.","bus_year":2017,"created_at":"2025-07-21T02:52:40.218136Z","ending_miles":0,"id":3670,"license_plate":"SC09100","located_at":"PENDLETON","report_month":"February","report_year":2025,"total_miles":0,"updated_at":"2025-07-21T02:52:40.218136Z","vehicle_id":null},
{"beginning_miles":0,"bus_id":"BUS26","bus_make":"CHEV.","bus_year":2020,"created_at":"2025-07-21T02:52:40.34169Z","ending_miles":0,"id":3671,"license_plate":"SC0","located_at":"JOHN DAY","report_month":"February","report_year":2025,"total_miles":0,"updated_at":"2025-07-21T02:52:40.34169Z","vehicle_id":null},
{"beginning_miles":17018,"bus_id":"BUS52","bus_make":"CHEV.","bus_year":2021,"created_at":"2025-07-21T02:52:40.490911Z","ending_miles":17394,"id":3672,"license_plate":"SC0","located_at":"AWOC-2","report_month":"February","report_year":2025,"total_miles":376,"updated_at":"2025-07-21T02:52:40.490911Z","vehicle_id":null},
{"beginning_miles":7017,"bus_id":"BUS58","bus_make":"CHEV.","bus_year":2022,"created_at":"2025-07-21T02:52:40.611977Z","ending_miles":7742,"id":3673,"license_plate":"NEW","located_at":"IRRIGON","report_month":"February","report_year":2025,"total_miles":725,"updated_at":"2025-07-21T02:52:40.611977Z","vehicle_id":null},
{"beginning_miles":12733,"bus_id":"BUS59","bus_make":"CHEV.","bus_year":2022,"created_at":"2025-07-21T02:52:40.737585Z","ending_miles":13491,"id":3674,"license_plate":"NEW","located_at":"BOARDMAN","report_month":"February","report_year":2025,"total_miles":758,"updated_at":"2025-07-21T02:52:40.737585Z","vehicle_id":null},
{"beginning_miles":0,"bus_id":"BUS60","bus_make":"CHEV.","bus_year":2022,"created_at":"2025-07-21T02:52:40.864471Z","ending_miles":0,"id":3675,"license_plate":"NEW","located_at":"VICTORY 2","report_month":"February","report_year":2025,"total_miles":0,"updated_at":"2025-07-21T02:52:40.864471Z","vehicle_id":null},
{"beginning_miles":0,"bus_id":"BUS15-2","bus_make":"","bus_year":0,"created_at":"2025-07-21T02:52:41.009046Z","ending_miles":0,"id":3676,"license_plate":"","located_at":"CWEC","report_month":"February","report_year":2025,"total_miles":0,"updated_at":"2025-07-21T02:52:41.009046Z","vehicle_id":null},
{"beginning_miles":0,"bus_id":"BUS15","bus_make":"","bus_year":0,"created_at":"2025-07-21T02:52:41.178441Z","ending_miles":0,"id":3677,"license_plate":"","located_at":"SPARE","report_month":"March","report_year":2025,"total_miles":0,"updated_at":"2025-07-21T02:52:41.178441Z","vehicle_id":null},
{"beginning_miles":0,"bus_id":"BUS16","bus_make":"CHEV.","bus_year":2008,"created_at":"2025-07-21T02:52:41.305682Z","ending_miles":0,"id":3678,"license_plate":"SC06568","located_at":"SPARE","report_month":"March","report_year":2025,"total_miles":0,"updated_at":"2025-07-21T02:52:41.305682Z","vehicle_id":null},
{"beginning_miles":0,"bus_id":"BUS17","bus_make":"CHEV.","bus_year":2008,"created_at":"2025-07-21T02:52:41.427532Z","ending_miles":0,"id":3679,"license_plate":"SC06675","located_at":"SPARE","report_month":"March","report_year":2025,"total_miles":0,"updated_at":"2025-07-21T02:52:41.427532Z","vehicle_id":null},
{"beginning_miles":0,"bus_id":"BUS18","bus_make":"CHEV.","bus_year":2008,"created_at":"2025-07-21T02:52:41.556849Z","ending_miles":0,"id":3680,"license_plate":"SC06686","located_at":"SPARE","report_month":"March","report_year":2025,"total_miles":0,"updated_at":"2025-07-21T02:52:41.556849Z","vehicle_id":null},
{"beginning_miles":0,"bus_id":"BUS20","bus_make":"CHEV.","bus_year":2013,"created_at":"2025-07-21T02:52:41.67971Z","ending_miles":0,"id":3681,"license_plate":"SC07832","located_at":"SLATED FOR MILTON","report_month":"March","report_year":2025,"total_miles":0,"updated_at":"2025-07-21T02:52:41.67971Z","vehicle_id":null},
{"beginning_miles":0,"bus_id":"BUS21","bus_make":"CHEV.","bus_year":2013,"created_at":"2025-07-21T02:52:41.797678Z","ending_miles":0,"id":3682,"license_plate":"SC07831","located_at":"VICTORY 1","report_month":"March","report_year":2025,"total_miles":0,"updated_at":"2025-07-21T02:52:41.797678Z","vehicle_id":null},
{"beginning_miles":0,"bus_id":"BUS22","bus_make":"CHEV.","bus_year":2016,"created_at":"2025-07-21T02:52:41.915316Z","ending_miles":0,"id":3683,"license_plate":"SC08190","located_at":"SPARE","report_month":"March","report_year":2025,"total_miles":0,"updated_at":"2025-07-21T02:52:41.915316Z","vehicle_id":null},
{"beginning_miles":0,"bus_id":"BUS23","bus_make":"CHEV.","bus_year":2017,"created_at":"2025-07-21T02:52:42.038611Z","ending_miles":0,"id":3684,"license_plate":"SC08643","located_at":"sub for victory 2","report_month":"March","report_year":2025,"total_miles":0,"updated_at":"2025-07-21T02:52:42.038611Z","vehicle_id":null},
{"beginning_miles":28834,"bus_id":"BUS24","bus_make":"CHEV","bus_year":2017,"created_at":"2025-07-21T02:52:42.162721Z","ending_miles":29162,"id":3685,"license_plate":"SC09099","located_at":"ROCKY HTS.","report_month":"March","report_year":2025,"total_miles":328,"updated_at":"2025-07-21T02:52:42.162721Z","vehicle_id":null},
{"beginning_miles":35254,"bus_id":"BUS25","bus_make":"CHEV.","bus_year":2017,"created_at":"2025-07-21T02:52:42.287883Z","ending_miles":35467,"id":3686,"license_plate":"SC09100","located_at":"PENDLETON","report_month":"March","report_year":2025,"total_miles":213,"updated_at":"2025-07-21T02:52:42.287883Z","vehicle_id":null},
{"beginning_miles":17595,"bus_id":"BUS26","bus_make":"CHEV.","bus_year":2020,"created_at":"2025-07-21T02:52:42.419037Z","ending_miles":18276,"id":3687,"license_plate":"SC0","located_at":"ROCKY HTS.","report_month":"March","report_year":2025,"total_miles":681,"updated_at":"2025-07-21T02:52:42.419037Z","vehicle_id":null},
{"beginning_miles":0,"bus_id":"BUS52","bus_make":"CHEV.","bus_year":2021,"created_at":"2025-07-21T02:52:42.550682Z","ending_miles":0,"id":3688,"license_plate":"SC0","located_at":"AWOC-2","report_month":"March","report_year":2025,"total_miles":0,"updated_at":"2025-07-21T02:52:42.550682Z","vehicle_id":null},
{"beginning_miles":7767,"bus_id":"BUS58","bus_make":"CHEV.","bus_year":2022,"created_at":"2025-07-21T02:52:42.680044Z","ending_miles":8361,"id":3689,"license_plate":"NEW","located_at":"IRRIGON","report_month":"March","report_year":2025,"total_miles":594,"updated_at":"2025-07-21T02:52:42.680044Z","vehicle_id":null},
{"beginning_miles":13491,"bus_id":"BUS59","bus_make":"CHEV.","bus_year":2022,"created_at":"2025-07-21T02:52:42.808451Z","ending_miles":13990,"id":3690,"license_plate":"NEW","located_at":"BOARDMAN","report_month":"March","report_year":2025,"total_miles":499,"updated_at":"2025-07-21T02:52:42.808451Z","vehicle_id":null},
{"beginning_miles":12453,"bus_id":"BUS60","bus_make":"CHEV.","bus_year":2022,"created_at":"2025-07-21T02:52:42.9233Z","ending_miles":13116,"id":3691,"license_plate":"NEW","located_at":"VICTORY 2","report_month":"March","report_year":2025,"total_miles":663,"updated_at":"2025-07-21T02:52:42.9233Z","vehicle_id":null},
{"beginning_miles":0,"bus_id":"BUS15-2","bus_make":"","bus_year":0,"created_at":"2025-07-21T02:52:43.045242Z","ending_miles":0,"id":3692,"license_plate":"","located_at":"CWEC","report_month":"March","report_year":2025,"total_miles":0,"updated_at":"2025-07-21T02:52:43.045242Z","vehicle_id":null},
{"beginning_miles":0,"bus_id":"BUS15","bus_make":"","bus_year":0,"created_at":"2025-07-21T02:52:43.172937Z","ending_miles":0,"id":3693,"license_plate":"","located_at":"SPARE","report_month":"April","report_year":2025,"total_miles":0,"updated_at":"2025-07-21T02:52:43.172937Z","vehicle_id":null},
{"beginning_miles":0,"bus_id":"BUS16","bus_make":"CHEV.","bus_year":2008,"created_at":"2025-07-21T02:52:43.288718Z","ending_miles":0,"id":3694,"license_plate":"SC06568","located_at":"SPARE","report_month":"April","report_year":2025,"total_miles":0,"updated_at":"2025-07-21T02:52:43.288718Z","vehicle_id":null},
{"beginning_miles":0,"bus_id":"BUS17","bus_make":"CHEV.","bus_year":2008,"created_at":"2025-07-21T02:52:43.413074Z","ending_miles":0,"id":3695,"license_plate":"SC06675","located_at":"SPARE","report_month":"April","report_year":2025,"total_miles":0,"updated_at":"2025-07-21T02:52:43.413074Z","vehicle_id":null},
{"beginning_miles":0,"bus_id":"BUS18","bus_make":"CHEV.","bus_year":2008,"created_at":"2025-07-21T02:52:43.568291Z","ending_miles":0,"id":3696,"license_plate":"SC06686","located_at":"SPARE","report_month":"April","report_year":2025,"total_miles":0,"updated_at":"2025-07-21T02:52:43.568291Z","vehicle_id":null},
{"beginning_miles":0,"bus_id":"BUS20","bus_make":"CHEV.","bus_year":2013,"created_at":"2025-07-21T02:52:43.748726Z","ending_miles":0,"id":3697,"license_plate":"SC07832","located_at":"SLATED FOR MILTON","report_month":"April","report_year":2025,"total_miles":0,"updated_at":"2025-07-21T02:52:43.748726Z","vehicle_id":null},
{"beginning_miles":0,"bus_id":"BUS21","bus_make":"CHEV.","bus_year":2013,"created_at":"2025-07-21T02:52:43.87794Z","ending_miles":0,"id":3698,"license_plate":"SC07831","located_at":"VICTORY 1","report_month":"April","report_year":2025,"total_miles":0,"updated_at":"2025-07-21T02:52:43.87794Z","vehicle_id":null},
{"beginning_miles":0,"bus_id":"BUS22","bus_make":"CHEV.","bus_year":2016,"created_at":"2025-07-21T02:52:44.024299Z","ending_miles":0,"id":3699,"license_plate":"SC08190","located_at":"SPARE","report_month":"April","report_year":2025,"total_miles":0,"updated_at":"2025-07-21T02:52:44.024299Z","vehicle_id":null},
{"beginning_miles":45274,"bus_id":"BUS23","bus_make":"CHEV.","bus_year":2017,"created_at":"2025-07-21T02:52:44.146308Z","ending_miles":45281,"id":3700,"license_plate":"SC08643","located_at":"sub for victory 2","report_month":"April","report_year":2025,"total_miles":7,"updated_at":"2025-07-21T02:52:44.146308Z","vehicle_id":null},
{"beginning_miles":28834,"bus_id":"BUS24","bus_make":"CHEV","bus_year":2017,"created_at":"2025-07-21T02:52:44.58867Z","ending_miles":29162,"id":3701,"license_plate":"SC09099","located_at":"ROCKY HTS.","report_month":"April","report_year":2025,"total_miles":328,"updated_at":"2025-07-21T02:52:44.58867Z","vehicle_id":null},
{"beginning_miles":35467,"bus_id":"BUS25","bus_make":"CHEV.","bus_year":2017,"created_at":"2025-07-21T02:52:44.757617Z","ending_miles":35790,"id":3702,"license_plate":"SC09100","located_at":"PENDLETON","report_month":"April","report_year":2025,"total_miles":323,"updated_at":"2025-07-21T02:52:44.757617Z","vehicle_id":null},
{"beginning_miles":18276,"bus_id":"BUS26","bus_make":"CHEV.","bus_year":2020,"created_at":"2025-07-21T02:52:44.888557Z","ending_miles":18395,"id":3703,"license_plate":"SC0","located_at":"ROCKY HTS.","report_month":"April","report_year":2025,"total_miles":119,"updated_at":"2025-07-21T02:52:44.888557Z","vehicle_id":null},
{"beginning_miles":17973,"bus_id":"BUS52","bus_make":"CHEV.","bus_year":2021,"created_at":"2025-07-21T02:52:45.019752Z","ending_miles":19216,"id":3704,"license_plate":"SC0","located_at":"AWOC-2","report_month":"April","report_year":2025,"total_miles":1243,"updated_at":"2025-07-21T02:52:45.019752Z","vehicle_id":null},
{"beginning_miles":8361,"bus_id":"BUS58","bus_make":"CHEV.","bus_year":2022,"created_at":"2025-07-21T02:52:45.135506Z","ending_miles":9294,"id":3705,"license_plate":"NEW","located_at":"IRRIGON","report_month":"April","report_year":2025,"total_miles":933,"updated_at":"2025-07-21T02:52:45.135506Z","vehicle_id":null},
{"beginning_miles":13970,"bus_id":"BUS59","bus_make":"CHEV.","bus_year":2022,"created_at":"2025-07-21T02:52:45.254292Z","ending_miles":14730,"id":3706,"license_plate":"NEW","located_at":"BOARDMAN","report_month":"April","report_year":2025,"total_miles":760,"updated_at":"2025-07-21T02:52:45.254292Z","vehicle_id":null},
{"beginning_miles":13116,"bus_id":"BUS60","bus_make":"CHEV.","bus_year":2022,"created_at":"2025-07-21T02:52:45.381245Z","ending_miles":13721,"id":3707,"license_plate":"NEW","located_at":"VICTORY 2","report_month":"April","report_year":2025,"total_miles":605,"updated_at":"2025-07-21T02:52:45.381245Z","vehicle_id":null},
{"beginning_miles":0,"bus_id":"BUS15-2","bus_make":"","bus_year":0,"created_at":"2025-07-21T02:52:45.495796Z","ending_miles":0,"id":3708,"license_plate":"","located_at":"CWEC","report_month":"April","report_year":2025,"total_miles":0,"updated_at":"2025-07-21T02:52:45.495796Z","vehicle_id":null},
{"beginning_miles":0,"bus_id":"BUS15","bus_make":"","bus_year":0,"created_at":"2025-07-21T02:52:45.626946Z","ending_miles":0,"id":3709,"license_plate":"","located_at":"SPARE","report_month":"May","report_year":2025,"total_miles":0,"updated_at":"2025-07-21T02:52:45.626946Z","vehicle_id":null},
{"beginning_miles":0,"bus_id":"BUS16","bus_make":"CHEV.","bus_year":2008,"created_at":"2025-07-21T02:52:45.745143Z","ending_miles":0,"id":3710,"license_plate":"SC06568","located_at":"SPARE","report_month":"May","report_year":2025,"total_miles":0,"updated_at":"2025-07-21T02:52:45.745143Z","vehicle_id":null},
{"beginning_miles":0,"bus_id":"BUS17","bus_make":"CHEV.","bus_year":2008,"created_at":"2025-07-21T02:52:45.873124Z","ending_miles":0,"id":3711,"license_plate":"SC06675","located_at":"SPARE","report_month":"May","report_year":2025,"total_miles":0,"updated_at":"2025-07-21T02:52:45.873124Z","vehicle_id":null},
{"beginning_miles":0,"bus_id":"BUS18","bus_make":"CHEV.","bus_year":2008,"created_at":"2025-07-21T02:52:46.039979Z","ending_miles":0,"id":3712,"license_plate":"SC06686","located_at":"SPARE","report_month":"May","report_year":2025,"total_miles":0,"updated_at":"2025-07-21T02:52:46.039979Z","vehicle_id":null},
{"beginning_miles":0,"bus_id":"BUS20","bus_make":"CHEV.","bus_year":2013,"created_at":"2025-07-21T02:52:46.217469Z","ending_miles":0,"id":3713,"license_plate":"SC07832","located_at":"SLATED FOR MILTON","report_month":"May","report_year":2025,"total_miles":0,"updated_at":"2025-07-21T02:52:46.217469Z","vehicle_id":null},
{"beginning_miles":0,"bus_id":"BUS21","bus_make":"CHEV.","bus_year":2013,"created_at":"2025-07-21T02:52:46.378783Z","ending_miles":0,"id":3714,"license_plate":"SC07831","located_at":"VICTORY 1","report_month":"May","report_year":2025,"total_miles":0,"updated_at":"2025-07-21T02:52:46.378783Z","vehicle_id":null},
{"beginning_miles":0,"bus_id":"BUS22","bus_make":"CHEV.","bus_year":2016,"created_at":"2025-07-21T02:52:46.522483Z","ending_miles":0,"id":3715,"license_plate":"SC08190","located_at":"SPARE","report_month":"May","report_year":2025,"total_miles":0,"updated_at":"2025-07-21T02:52:46.522483Z","vehicle_id":null},
{"beginning_miles":0,"bus_id":"BUS23","bus_make":"CHEV.","bus_year":2017,"created_at":"2025-07-21T02:52:46.648591Z","ending_miles":0,"id":3716,"license_plate":"SC08643","located_at":"sub for victory 2","report_month":"May","report_year":2025,"total_miles":0,"updated_at":"2025-07-21T02:52:46.648591Z","vehicle_id":null},
{"beginning_miles":0,"bus_id":"BUS24","bus_make":"CHEV","bus_year":2017,"created_at":"2025-07-21T02:52:46.768454Z","ending_miles":0,"id":3717,"license_plate":"SC09099","located_at":"ROCKY HTS.","report_month":"May","report_year":2025,"total_miles":0,"updated_at":"2025-07-21T02:52:46.768454Z","vehicle_id":null},
{"beginning_miles":0,"bus_id":"BUS25","bus_make":"CHEV.","bus_year":2017,"created_at":"2025-07-21T02:52:46.895504Z","ending_miles":0,"id":3718,"license_plate":"SC09100","located_at":"PENDLETON","report_month":"May","report_year":2025,"total_miles":0,"updated_at":"2025-07-21T02:52:46.895504Z","vehicle_id":null},
{"beginning_miles":35790,"bus_id":"BUS26","bus_make":"CHEV.","bus_year":2020,"created_at":"2025-07-21T02:52:47.019057Z","ending_miles":35976,"id":3719,"license_plate":"SC0","located_at":"ROCKY HTS.","report_month":"May","report_year":2025,"total_miles":186,"updated_at":"2025-07-21T02:52:47.019057Z","vehicle_id":null},
{"beginning_miles":19216,"bus_id":"BUS52","bus_make":"CHEV.","bus_year":2021,"created_at":"2025-07-21T02:52:47.144556Z","ending_miles":20181,"id":3720,"license_plate":"SC0","located_at":"AWOC-2","report_month":"May","report_year":2025,"total_miles":965,"updated_at":"2025-07-21T02:52:47.144556Z","vehicle_id":null},
{"beginning_miles":9294,"bus_id":"BUS58","bus_make":"CHEV.","bus_year":2022,"created_at":"2025-07-21T02:52:47.2763Z","ending_miles":9851,"id":3721,"license_plate":"NEW","located_at":"IRRIGON","report_month":"May","report_year":2025,"total_miles":557,"updated_at":"2025-07-21T02:52:47.2763Z","vehicle_id":null},
{"beginning_miles":14730,"bus_id":"BUS59","bus_make":"CHEV.","bus_year":2022,"created_at":"2025-07-21T02:52:47.729591Z","ending_miles":15388,"id":3722,"license_plate":"NEW","located_at":"BOARDMAN","report_month":"May","report_year":2025,"total_miles":658,"updated_at":"2025-07-21T02:52:47.729591Z","vehicle_id":null},
{"beginning_miles":13721,"bus_id":"BUS60","bus_make":"CHEV.","bus_year":2022,"created_at":"2025-07-21T02:52:47.868005Z","ending_miles":14340,"id":3723,"license_plate":"NEW","located_at":"VICTORY 2","report_month":"May","report_year":2025,"total_miles":619,"updated_at":"2025-07-21T02:52:47.868005Z","vehicle_id":null},
{"beginning_miles":0,"bus_id":"BUS15-2","bus_make":"","bus_year":0,"created_at":"2025-07-21T02:52:47.981688Z","ending_miles":0,"id":3724,"license_plate":"","located_at":"CWEC","report_month":"May","report_year":2025,"total_miles":0,"updated_at":"2025-07-21T02:52:47.981688Z","vehicle_id":null},
{"beginning_miles":0,"bus_id":"BUS15","bus_make":"","bus_year":0,"created_at":"2025-07-21T02:52:48.107332Z","ending_miles":0,"id":3725,"license_plate":"","located_at":"SPARE","report_month":"June","report_year":2025,"total_miles":0,"updated_at":"2025-07-21T02:52:48.107332Z","vehicle_id":null},
{"beginning_miles":0,"bus_id":"BUS16","bus_make":"CHEV.","bus_year":2008,"created_at":"2025-07-21T02:52:48.225629Z","ending_miles":0,"id":3726,"license_plate":"SC06568","located_at":"SPARE","report_month":"June","report_year":2025,"total_miles":0,"updated_at":"2025-07-21T02:52:48.225629Z","vehicle_id":null},
{"beginning_miles":0,"bus_id":"BUS17","bus_make":"CHEV.","bus_year":2008,"created_at":"2025-07-21T02:52:48.353337Z","ending_miles":0,"id":3727,"license_plate":"SC06675","located_at":"SPARE","report_month":"June","report_year":2025,"total_miles":0,"updated_at":"2025-07-21T02:52:48.353337Z","vehicle_id":null},
{"beginning_miles":0,"bus_id":"BUS18","bus_make":"CHEV.","bus_year":2008,"created_at":"2025-07-21T02:52:48.477301Z","ending_miles":0,"id":3728,"license_plate":"SC06686","located_at":"SPARE","report_month":"June","report_year":2025,"total_miles":0,"updated_at":"2025-07-21T02:52:48.477301Z","vehicle_id":null},
{"beginning_miles":0,"bus_id":"BUS20","bus_make":"CHEV.","bus_year":2013,"created_at":"2025-07-21T02:52:48.602958Z","ending_miles":0,"id":3729,"license_plate":"SC07832","located_at":"SLATED FOR MILTON","report_month":"June","report_year":2025,"total_miles":0,"updated_at":"2025-07-21T02:52:48.602958Z","vehicle_id":null},
{"beginning_miles":0,"bus_id":"BUS21","bus_make":"CHEV.","bus_year":2013,"created_at":"2025-07-21T02:52:48.739029Z","ending_miles":0,"id":3730,"license_plate":"SC07831","located_at":"VICTORY 1","report_month":"June","report_year":2025,"total_miles":0,"updated_at":"2025-07-21T02:52:48.739029Z","vehicle_id":null},
{"beginning_miles":0,"bus_id":"BUS22","bus_make":"CHEV.","bus_year":2016,"created_at":"2025-07-21T02:52:48.86986Z","ending_miles":0,"id":3731,"license_plate":"SC08190","located_at":"SPARE","report_month":"June","report_year":2025,"total_miles":0,"updated_at":"2025-07-21T02:52:48.86986Z","vehicle_id":null},
{"beginning_miles":0,"bus_id":"BUS23","bus_make":"CHEV.","bus_year":2017,"created_at":"2025-07-21T02:52:49.012954Z","ending_miles":0,"id":3732,"license_plate":"SC08643","located_at":"sub for victory 2","report_month":"June","report_year":2025,"total_miles":0,"updated_at":"2025-07-21T02:52:49.012954Z","vehicle_id":null},
{"beginning_miles":0,"bus_id":"BUS24","bus_make":"CHEV","bus_year":2017,"created_at":"2025-07-21T02:52:49.241914Z","ending_miles":0,"id":3733,"license_plate":"SC09099","located_at":"ROCKY HTS.","report_month":"June","report_year":2025,"total_miles":0,"updated_at":"2025-07-21T02:52:49.241914Z","vehicle_id":null},
{"beginning_miles":0,"bus_id":"BUS25","bus_make":"CHEV.","bus_year":2017,"created_at":"2025-07-21T02:52:49.583209Z","ending_miles":0,"id":3734,"license_plate":"SC09100","located_at":"PENDLETON","report_month":"June","report_year":2025,"total_miles":0,"updated_at":"2025-07-21T02:52:49.583209Z","vehicle_id":null},
{"beginning_miles":35790,"bus_id":"BUS26","bus_make":"CHEV.","bus_year":2020,"created_at":"2025-07-21T02:52:49.730708Z","ending_miles":35976,"id":3735,"license_plate":"SC0","located_at":"ROCKY HTS.","report_month":"June","report_year":2025,"total_miles":186,"updated_at":"2025-07-21T02:52:49.730708Z","vehicle_id":null},
{"beginning_miles":20181,"bus_id":"BUS52","bus_make":"CHEV.","bus_year":2021,"created_at":"2025-07-21T02:52:49.862617Z","ending_miles":21213,"id":3736,"license_plate":"SC0","located_at":"AWOC-2","report_month":"June","report_year":2025,"total_miles":1032,"updated_at":"2025-07-21T02:52:49.862617Z","vehicle_id":null},
{"beginning_miles":9851,"bus_id":"BUS58","bus_make":"CHEV.","bus_year":2022,"created_at":"2025-07-21T02:52:49.980728Z","ending_miles":10371,"id":3737,"license_plate":"NEW","located_at":"IRRIGON","report_month":"June","report_year":2025,"total_miles":520,"updated_at":"2025-07-21T02:52:49.980728Z","vehicle_id":null},
{"beginning_miles":15388,"bus_id":"BUS59","bus_make":"CHEV.","bus_year":2022,"created_at":"2025-07-21T02:52:50.105906Z","ending_miles":15775,"id":3738,"license_plate":"NEW","located_at":"BOARDMAN","report_month":"June","report_year":2025,"total_miles":387,"updated_at":"2025-07-21T02:52:50.105906Z","vehicle_id":null},
{"beginning_miles":14340,"bus_id":"BUS60","bus_make":"CHEV.","bus_year":2022,"created_at":"2025-07-21T02:52:50.223005Z","ending_miles":14792,"id":3739,"license_plate":"NEW","located_at":"VICTORY 2","report_month":"June","report_year":2025,"total_miles":452,"updated_at":"2025-07-21T02:52:50.223005Z","vehicle_id":null},
{"beginning_miles":0,"bus_id":"BUS15-2","bus_make":"","bus_year":0,"created_at":"2025-07-21T02:52:50.346606Z","ending_miles":0,"id":3740,"license_plate":"","located_at":"CWEC","report_month":"June","report_year":2025,"total_miles":0,"updated_at":"2025-07-21T02:52:50.346606Z","vehicle_id":null}
]