[
{"created_at":"2025-06-16T15:41:11.210506Z","description":"BOARDMAN","id":62,"positions":"W10=","route_id":"RT003","route_name":"NELC-1","updated_at":"2025-06-25T16:37:26.348156Z"},
{"created_at":"2025-06-16T15:41:25.933292Z","description":"BOARDMAN","id":63,"positions":"W10=","route_id":"RT004","route_name":"NELC-2","updated_at":"2025-06-25T16:37:26.348156Z"},
{"created_at":"2025-06-13T23:21:10.335054Z","description":"","id":47,"positions":"W3sic3R1ZGVudCI6ICJTdHVkZW50IDEiLCAicG9zaXRpb24iOiAxfV0=","route_id":"RT001","route_name":"Victory Square","updated_at":"2025-06-25T16:37:26.348156Z"},
{"created_at":"2025-06-14T22:13:23.90626Z","description":"class 1","id":57,"positions":"W10=","route_id":"RT002","route_name":"Airport Way 2","updated_at":"2025-06-26T19:02:19.786844Z"},
{"created_at":"2025-07-01T18:19:54.742885Z","description":"classroom 2","id":81,"positions":"W10=","route_id":"RT005","route_name":"Airport Way 1","updated_at":"2025-07-01T18:19:54.742885Z"}
]