[
{"bus_id":"7","capacity":20,"created_at":"2025-06-14T22:43:17.530715Z","current_mileage":0,"id":45,"last_oil_change":0,"last_tire_service":0,"maintenance_notes":"Imported from company fleet. License: E178720, Year: 1991, Original Model: ","model":"CHEVROLET MIDCO","oil_status":"good","status":"active","tire_status":"good","updated_at":"2025-06-16T15:45:48.900212Z"},
{"bus_id":"8","capacity":20,"created_at":"2025-06-14T22:43:20.171015Z","current_mileage":0,"id":55,"last_oil_change":0,"last_tire_service":0,"maintenance_notes":"Imported from company fleet. License: E178707, Year: 1991, Original Model: ","model":"CHEVROLET MIDCO","oil_status":"good","status":"active","tire_status":"good","updated_at":"2025-06-16T15:45:48.900212Z"},
{"bus_id":"52","capacity":25,"created_at":"2025-06-14T22:43:05.836377Z","current_mileage":21138,"id":10,"last_oil_change":0,"last_tire_service":0,"maintenance_notes":"Imported from company fleet. License: , Year: 2020, Original Model: ","model":"CHEVEROLET-STARCRAFT","oil_status":"good","status":"active","tire_status":"good","updated_at":"2025-07-21T00:32:16.11419Z"},
{"bus_id":"BUS-011","capacity":36,"created_at":"2025-07-23T00:28:26.800612Z","current_mileage":0,"id":112,"last_oil_change":0,"last_tire_service":0,"maintenance_notes":null,"model":"THOMAS BUILT","oil_status":"good","status":"active","tire_status":"good","updated_at":"2025-07-23T00:28:26.800612Z"},
{"bus_id":"BUS-012","capacity":52,"created_at":"2025-07-23T00:28:26.926279Z","current_mileage":0,"id":113,"last_oil_change":0,"last_tire_service":0,"maintenance_notes":null,"model":"FORD TRANSIT","oil_status":"good","status":"maintenance","tire_status":"good","updated_at":"2025-07-23T00:28:26.926279Z"},
{"bus_id":"BUS-013","capacity":49,"created_at":"2025-07-23T00:28:27.041392Z","current_mileage":0,"id":114,"last_oil_change":0,"last_tire_service":0,"maintenance_notes":null,"model":"FORD TRANSIT","oil_status":"good","status":"active","tire_status":"good","updated_at":"2025-07-23T00:28:27.041392Z"},
{"bus_id":"BUS-014","capacity":66,"created_at":"2025-07-23T00:28:27.167813Z","current_mileage":0,"id":115,"last_oil_change":0,"last_tire_service":0,"maintenance_notes":null,"model":"FORD TRANSIT","oil_status":"good","status":"active","tire_status":"good","updated_at":"2025-07-23T00:28:27.167813Z"},
{"bus_id":"BUS-015","capacity":49,"created_at":"2025-07-23T00:28:27.28409Z","current_mileage":0,"id":116,"last_oil_change":0,"last_tire_service":0,"maintenance_notes":null,"model":"CHEVROLET MIDCO","oil_status":"good","status":"active","tire_status":"good","updated_at":"2025-07-23T00:28:27.28409Z"},
{"bus_id":"BUS-016","capacity":46,"created_at":"2025-07-23T00:28:27.405562Z","current_mileage":0,"id":117,"last_oil_change":0,"last_tire_service":0,"maintenance_notes":null,"model":"BLUEBIRD VISION","oil_status":"good","status":"active","tire_status":"good","updated_at":"2025-07-23T00:28:27.405562Z"},
{"bus_id":"BUS-017","capacity":42,"created_at":"2025-07-23T00:28:27.528601Z","current_mileage":0,"id":118,"last_oil_change":0,"last_tire_service":0,"maintenance_notes":null,"model":"FORD TRANSIT","oil_status":"good","status":"maintenance","tire_status":"good","updated_at":"2025-07-23T00:28:27.528601Z"},
{"bus_id":"6","capacity":20,"created_at":"2025-06-14T22:43:13.240165Z","current_mileage":0,"id":28,"last_oil_change":0,"last_tire_service":0,"maintenance_notes":"Imported from company fleet. License: E175134, Year: 1990, Original Model: ","model":"CHEVROLET MIDCO","oil_status":"good","status":"active","tire_status":"good","updated_at":"2025-06-16T15:45:29.478766Z"},
{"bus_id":"BUS-018","capacity":31,"created_at":"2025-07-23T00:28:27.661378Z","current_mileage":0,"id":119,"last_oil_change":0,"last_tire_service":0,"maintenance_notes":null,"model":"BLUEBIRD VISION","oil_status":"good","status":"active","tire_status":"good","updated_at":"2025-07-23T00:28:27.661378Z"},
{"bus_id":"BUS-019","capacity":47,"created_at":"2025-07-23T00:28:27.845461Z","current_mileage":0,"id":120,"last_oil_change":0,"last_tire_service":0,"maintenance_notes":null,"model":"THOMAS BUILT","oil_status":"good","status":"maintenance","tire_status":"good","updated_at":"2025-07-23T00:28:27.845461Z"},
{"bus_id":"BUS-020","capacity":67,"created_at":"2025-07-23T00:28:28.060991Z","current_mileage":0,"id":121,"last_oil_change":0,"last_tire_service":0,"maintenance_notes":null,"model":"CHEVROLET MIDCO","oil_status":"good","status":"maintenance","tire_status":"good","updated_at":"2025-07-23T00:28:28.060991Z"},
{"bus_id":"24","capacity":25,"created_at":"2025-06-14T22:42:50.18435Z","current_mileage":0,"id":1,"last_oil_change":0,"last_tire_service":0,"maintenance_notes":"Imported from company fleet. License: SC 09099, Year: 2017, Original Model: ","model":"CHEVEROLET-STARCRAFT","oil_status":"good","status":"active","tire_status":"good","updated_at":"2025-06-16T15:45:48.900212Z"},
{"bus_id":"25","capacity":25,"created_at":"2025-06-14T22:42:59.968125Z","current_mileage":0,"id":3,"last_oil_change":0,"last_tire_service":0,"maintenance_notes":"Imported from company fleet. License: SC 09100, Year: 2017, Original Model: ","model":"CHEVEROLET-STARCRAFT","oil_status":"good","status":"active","tire_status":"good","updated_at":"2025-06-16T15:45:48.900212Z"},
{"bus_id":"26","capacity":25,"created_at":"2025-06-14T22:43:03.681618Z","current_mileage":0,"id":6,"last_oil_change":0,"last_tire_service":0,"maintenance_notes":"Imported from company fleet. License: , Year: 2020, Original Model: ","model":"CHEVEROLET-STARCRAFT","oil_status":"good","status":"active","tire_status":"good","updated_at":"2025-06-16T15:45:48.900212Z"},
{"bus_id":"58","capacity":25,"created_at":"2025-06-14T22:43:07.817531Z","current_mileage":0,"id":15,"last_oil_change":0,"last_tire_service":0,"maintenance_notes":"Imported from company fleet. License: , Year: 2022, Original Model: ","model":"CHEVEROLET-STARCRAFT","oil_status":"good","status":"active","tire_status":"good","updated_at":"2025-06-16T15:45:48.900212Z"},
{"bus_id":"59","capacity":25,"created_at":"2025-06-14T22:43:10.019189Z","current_mileage":0,"id":21,"last_oil_change":0,"last_tire_service":0,"maintenance_notes":"Imported from company fleet. License: , Year: 2022, Original Model: ","model":"CHEVEROLET-STARCRAFT","oil_status":"good","status":"active","tire_status":"good","updated_at":"2025-06-16T15:45:48.900212Z"},
{"bus_id":"60","capacity":25,"created_at":"2025-06-14T22:43:15.369089Z","current_mileage":0,"id":36,"last_oil_change":0,"last_tire_service":0,"maintenance_notes":"Imported from company fleet. License: , Year: 2022, Original Model: ","model":"CHEVEROLET-STARCRAFT","oil_status":"good","status":"active","tire_status":"good","updated_at":"2025-06-16T15:45:48.900212Z"}
]