{
  "timestamp": "2025-07-27T02:00:00.0020331-07:00",
  "version": "1.0",
  "type": "full",
  "tables": [
    "users",
    "buses",
    "vehicles",
    "routes",
    "students",
    "route_assignments",
    "maintenance_records",
    "fuel_records",
    "driver_logs",
    "monthly_mileage_reports",
    "service_records",
    "fleet_vehicles"
  ],
  "record_count": {
    "buses": 20,
    "driver_logs": 1,
    "fleet_vehicles": 91,
    "fuel_records": 88,
    "maintenance_records": 458,
    "monthly_mileage_reports": 269,
    "route_assignments": 3,
    "routes": 5,
    "service_records": 55,
    "students": 42,
    "users": 13,
    "vehicles": 44
  },
  "size": 0,
  "checksum": ""
}